"isEoa","address","createdAt"
true,"0x1587c94817bfaa7172f6c82e03bb2ac3a5ad6102",1657449044
true,"0x300f3647cf552cffd2d39b136f7992d7653d8497",1654867122
true,"0xa20baaab3b32f60d126d088622e191fd097f2b89",1672975259
true,"0x15ef1e91da7309ce52882ca33b15cbe5575ce201",1684184642
true,"0x6b7e2ea3e31f8db0377bba180b7e972142a9f8b7",1676328597
true,"0x99f50cb3d0a5f628037f17636650efbb9d41d1c7",1682015176
true,"0x605613863f61e373867f41c3ddccc4f55007d295",1652167341
true,"0xc7aa6c21f3422f28ee5c90adde53d5b8149b0797",1667993932
true,"0x00ecbf277eaa948a1915659e9193ff9f8d274c48",1628976373
true,"0xc161a6f92b4561068f5996b8f835a37a284d7362",1654857227
true,"0x640e17772990aa74e342823fcbfb93b9b3debe22",1675928125
true,"0x7e6fd1d321f3d41b51a981be4e0effbcb749dce1",1684341517
true,"0x373d51f76f3b9ef7be259d50fe0e9804f89acc11",1678759950
true,"0x96eda98bc2c30d002b3ecd48053fab2c1ab7d2ab",1678759898
true,"0x6c7709d06b296337005becf17f81fed0ec74e8b6",1681727233
true,"0xc0af16725bd379f2de5fe860ea2943b82e89121f",1649460118
true,"0xc15575651c098d5ee41063f86530db8dc715a33b",1678723629
true,"0x1d968cd707cc479e3c5f46e4901de7fd76c9eb5f",1684427444
true,"0xfa7bf14f76edb60a3e3b12536ef5e0e1ac13965e",1680414064
true,"0xbb8350d89e8c69bb0ad9752372acc96002856dc5",1678781300
true,"0x5a8b46a076d8bad857318aba697200fe08d1dbc9",1684207521
true,"0xc08dc76d06cc78caa25204baf832bfc4e10007b5",1658665583
true,"0x907aed03633c46e5984a4222c357ce08b47d6ea8",1684504694
true,"0x4bd0f1f3ede81fa5c177c76bc81df65ea583e123",1653312157
true,"0x27e875648349a2f5c4c2f1ada16ed08747f9c98d",1684543597
true,"0xeb39cdfabede8dbe36c9e8f0a09d2b9738fb729e",1682295963
true,"0xbd1df00dd7021b1c21e44140150f5f5c5d800fbc",1645106923
true,"0x7a02ff2ea898424abb3f21be98b4d211887e0684",1684618141
true,"0x0cf79a8e138a767f4554d08c638fc7f8cefc1a4f",1682401096
true,"0x1af64af9be7283552880f64ea78062d653da90f9",1682156529
true,"0xa893e2816e3ddcc270dfef6d0aa771053e16a567",1682168594
true,"0x832ab613641e5756ea20f7bdeedac6a2c876d030",1682136480
true,"0x3b2f028fe2f2b649b6b6c3d7138882c58cfb1748",1649476637
true,"0x6a310825c679e769d08528f1224666c5fa3ae80d",1684721185
true,"0x1cbfd8e553833b8827d3812ac20128cea0eb7919",1682375519
true,"0x3b1f9153e7af537bc15ec0574ef8d9dbd237d83f",1642194541
true,"0x778a4738735eed564f5c46df8b34772b6d80a806",1684788571
true,"0x236440981a5107beba360badef2e6f1b8f2ef90c",1642027384
true,"0x3cb9f2120ad5f5e1d58088b261053b62cac0cde8",1628088270
true,"0xebbf46448b09f9aaa0f86c456ba76ce6304686a4",1684845577
true,"0x1ba296b6c1845a92756fb56eac5b8327676ca3e0",1649457145
true,"0x01c8a5b1149b082c29fd342556da81ef200c834b",1684895217
true,"0x92aee941aa118f6022784713c7398c7095d8898c",1669012472
true,"0xe86c89d2f291c8c290c8524dd7532cf6f6ea6005",1684937102
true,"0xa48397737cbc6760313a5f7abb9aee642ff126c8",1684976082
true,"0xca3bb06a64c63cb5708f4c4ffda7103a52936688",1685015031
true,"0x965e29d4c0a54dfc51c24ad2e61075a9de2fb602",1670430858
true,"0xacf55bec11d38a1a13daa13668032caa2ca59c2d",1649269541
true,"0x6dbdee96a2332ec16cfab01e5e9feeb274f69057",1681965515
true,"0x6e101e1f4ff78fb09b247a759893c62f0c4076bf",1670925019
true,"0xe7da5b93391e8a4b3690510b0469a7f9b339f2d4",1685080690
true,"0x639a79c11d5c9db8528b981c89a956a949e5362e",1685125636
true,"0x25b6dbd54aeb8df9c57eb3a7f5374c4809f1fb17",1685094300
true,"0x8044e6d04189f3010f4b3229d7f9278d2a36cf16",1642193674
true,"0x083e958db271a5ba105c0878a94507fe37f25446",1654867283
true,"0x0456ba3d973df5723eb2f99f621736110bf1d66d",1648114308
true,"0x193bf241d3fd89a6af084127c45335ba69a9aca1",1656696097
true,"0x954c23a002ff33245dc8fe50667a7899fd02b4d4",1618816842
true,"0xc8c86bd4e92f2804b3ca3dde0d8712aa4e526277",1667119080
true,"0xea785f32dffa4532fcad90f0a067786280aec2f5",1646097134
true,"0x2f147bab0e117f9e287a6c18fe1e86e981824c06",1669069427
true,"0x1fc6def2ef5b12702d9562d0965319eb871bc32d",1673659384
true,"0x40f9180db69362fb5165c82000e9a6a38c5ac028",1677569603
true,"0x2efe05b6670f30ddda94f24bb89adb709a238404",1654057827
true,"0xac10e96be2b2f8ddb168716de8379db01e8887c7",1652113646
true,"0x0e3e522d6c1c9fa7db8c4ee02bfe6c9d9ffbd62b",1674976582
true,"0xfa561e5da14d2ab344e1042796656ee8914bdc4b",1667540058
true,"0x6ae098a5035a885a1e564fc859093fd67fa5e603",1645193092
true,"0x00000015c1106ffdfc6e0b6edb54176bf784cf43",1662724718
true,"0x83e7a410245a0b0082863ba6a3aa81caad86b14a",1677569611
true,"0xbc0ea959c075b6dbbd19366377eba499d510b7a4",1681806475
true,"0x109d63f6f43eb74f75fc5a7c5baf323e182b47df",1677569623
true,"0xd56dc9c3eff410219f754cf89308a85caa1b71d6",1679068188
true,"0x0a5748daca3a615f37e83d1cbd3287c17905eb1b",1679068584
true,"0xb13f2f61ef2a12f282d02d73e87dd0f0e5e3fdea",1670440279
true,"0xf1afef9cd37b898121f6886eb01b575d8b9f0431",1649476250
true,"0x04f0379e5f38511da79c58d0b203e3e6ec9b51b7",1657439861
true,"0xc65a8eb3d070a72d1b5be68eade948a49a420e38",1681874854
true,"0x59f8fc01400c58aaaf0e4128fe238c0ae671749d",1665926319
true,"0xeeb1348efa21d89b82fd4f5e815d8014ff6adc29",1681862074
true,"0xd0114af90dc12708cb973fb5c0e91501af56458b",1616336229
true,"0x59b45b820809eb36b3a12b843c339624ba1c465e",1670757366
true,"0x39dcef89c086dcf81af056f8331182bb916c20fb",1676617023
true,"0xe8921c7aadf10a00a2e6266401dff1b91618b92f",1681961227
true,"0x22ff74c098f1a86c9166f465d856db4e38cddf88",1649268844
true,"0xe20b72fd8a612636863e52ef97fd6ba617abd188",1682041460
true,"0x6990c9e3479855b9d68edbb9b3265c4b2922a27e",1682047476
true,"0xf156b636eeb4a4b2b3a6b2b2de37b5469413b5e2",1682110547
true,"0x9e5f00bdec2fceadb93f9b72c613326931945502",1682145408
true,"0x11744f53b0e1def7666f2b73a90d32f86fcecbce",1656047771
true,"0x3ae2ec31eb2e996747ea4adc7f7acdf270393976",1658800467
true,"0x71777c3af69b05a94ceea9d16d1792caa00a1148",1646720139
true,"0xfa25241472dfd5c21d80252097492d711c987f41",1681844729
true,"0x219054d1cddc8c974004f6be8ec9cc30d043d994",1682235303
true,"0x68bd22c8336da3573a3b46346586044fdecea917",1682296087
true,"0x0aa4ca459af4c063a1988672c1354d5f0d78bb10",1682356096
true,"0xc7bffe655f7226557deaf7f5c7926d9ec06bf96d",1649466423
false,"0x9fe3e74ee304d5a101e25d6cf5854a8a2d8c3c8c",1677112935
true,"0xd2c1cf05ac21cf1d88edc3a8847532fa030ee95b",1678536679
false,"0xe986a93dcce4c0b4ff07951cd3221038b7c71718",1679608300
false,"0xf33d54c5238c342bebf78a1ed1cb8fd6e3b6bfbd",1679652500
false,"0xa446398326717f6e6bb5aa509e346881976894ad",1679701871
false,"0x8df63eea8a2c603ee12c08549cf69e08dcfa69bf",1679753645
true,"0xef0448beb0e4fd1694e11299886a7f048081c9ad",1655389624
false,"0x319624b35702d4e602289ef40a0582d0d3c1ab0c",1679795212
true,"0x62cf0107243d16bf47cc223f6a4647321c415d92",1642031075
false,"0xe478b5fea45b1228ef952f33ddf9e22e379178ee",1679829671
true,"0xbd7a7d5e8eb80db97eee31c3ef02495fa603f89d",1644166237
false,"0x0f2d65b3f1f468190bf7da5daf033259868f5177",1679874377
false,"0x97579ffd808080cb81425b1fee69b672ea40da9a",1679921622
true,"0x3ee33b95e1a326395f642dff01514c242dc894d0",1665747318
false,"0x4cf0b2b429c1e2d61f45d5ccbc440b871d1e9951",1679976718
true,"0xb79f36a0638c432870381c013608c6a55cbd696c",1665747892
false,"0xde73fe488c780c9d5169ea4354148ead5c8485b3",1680051755
true,"0xc56cc1ad69d39353a3e1ddd91f35092f4b51ea4e",1657453302
false,"0xfd7e9d2e045348f0102d4b985bc99be5d81dcc23",1680149518
false,"0x3cdf8192a4281c6a6d3fff16d42d3a0eef02ae6d",1680257082
true,"0xab95d2cd70a80469985fafe7457de81498211ed4",1636323644
true,"0x7c54abd36cc40b988d06b1aa3a9004a3fcafef70",1649461978
false,"0x12319bd98babb198ea99af892305d2e427c60d00",1673611136
true,"0xac00704296c43446c7369144d16e2296dcc4b313",1672664525
true,"0xb9a8b273197d24ff0139477eef22eaa6a266e664",1642197785
true,"0x00b4ec94d42550a4c8856e31ed98b488fbf02487",1676071845
false,"0x016dc77e00af485cd16f50a1ddd5e4f392ec5a0c",1676096258
true,"0x7d51247b6787fdd6ec60ea2fb55fa23f3e162c3f",1672664463
true,"0x5d1248f6a088896a3cbe344d5be99d7c8b721966",1649966457
true,"0x92a11d075a6cc2ed7febba538731575dd58b2ea3",1642092329
true,"0x588eddf0b2de9a166ce6fb1824291716074b4790",1672664401
true,"0x94d2528b001b5d052afaac4331baafa1154aef95",1673694928
false,"0xb11d62efce5e396d761203a3503d726655bddb44",1676242837
false,"0x7e33a60766743aa5e592117ae8b552d24c128c22",1676329861
true,"0x206187589476ed66b14d2615df4402818e29d6b3",1629117642
false,"0x4e5a8115b110c669d673d12cdf100f9204f09aca",1676372263
true,"0x6bdc41d4485349d3c3f981832830139f8d5a166b",1661359907
false,"0x88dbb3ab65babcf34bdc00705f971028410f64b9",1676432790
true,"0x0ab7ed3bd6af8b619bafb2eb512effc4b64ccb84",1676471712
false,"0xd927c63e4a5778e18b37647125a9ae9ba7fe287d",1676545921
false,"0xda4cd63feb4e982e0c307de87be4929b69d6efc6",1676683122
true,"0x39eff421c748f4fe61a05830517bfc1310ec3fbc",1649467366
false,"0x1a1a45ab911530a87e38323b55d74427e22a4077",1676768100
true,"0xdc40c10162a08558443069e7733f11e026425cc6",1649539924
false,"0x77c19acd013c2dbd1825055b462f27a55ba1a9a0",1676862021
false,"0xa44c351f0303eb0930054dc8cb4be5175e00ba11",1676931828
false,"0x42a329acadf2bdc65c471dddb2812d8c7d0bb71c",1676966432
false,"0x4c92298a167fe76538f7c8f984a8e4a0a7344567",1677059188
false,"0xf4392917bfdbaaf4cdba3438a35d0f1691dcf915",1670395449
false,"0x6292c94591f717258cc855c9a5c61304fe202905",1670421735
true,"0x7bc2613543d66a4998a75753da4acd5d2bb41dbb",1669665481
true,"0xa0b0b09e9af7c4d3fb9ce00aa88dd36449d13c13",1670228962
false,"0x67fbf0cd4ae536a44e38a5ca472c6fff978c0cd5",1670459178
true,"0x87946ddc76a4c0a75c8ca1f63dffd0612ae6458c",1625159213
true,"0xc40864d7e7a799416992b73466336529d77c497d",1625159223
true,"0x027e178e4101800765cd601ea170dff136109f2c",1670453039
true,"0x65320ff308df57b2f30c9397f3f3fcbf3c62fd7e",1625174335
true,"0xa1bea1ebbf9f7f2b09f2ec9e542eec48a6213144",1649456936
false,"0x9ea314cb085863778a2801584de681c706900343",1670539069
true,"0x8862b669fa74d3e9c36c18228eb94b2f06891420",1670492898
true,"0x9c9f0ed00f3809212a4e9d9d5d3eca817eb5cd60",1593733644
true,"0x12e49d93588e0056bd25530c3b1e8aac68f4b70a",1646684108
false,"0xde59d7111c0831db2d2829a162802a12521b9386",1670592590
true,"0xde3fe3aa5d0914fbad8fa2e7c83ac2dfd77ab6bb",1643040076
false,"0x1337515af46345dbc57da688c2c4b1eafa4e3f4e",1670650883
true,"0x26947161471aebf7ed5a9b7e6d17611bce6334ae",1668269616
true,"0x1d283773701ef4e8b54fe5fbd8df7519875aaacf",1645180284
true,"0x1b541f65e6faf08267a3be9fa25f2e2ba7bb462b",1642134628
false,"0xd0f6610cb5bc47d907fa2532e772c077e09332da",1670745212
true,"0xc12227cf84fe771dbc9eab8302e777cebdc7daee",1665592263
true,"0x1475a07be3842b521f5d436c800f9b9ff27be852",1660068309
false,"0x6f031ec55aaf8e062f69a30ca23ec64502f25eb2",1670805750
true,"0x5ce811cba35c82ca706d23f836baebae5da0b067",1668454633
true,"0x6d7a76860d9a001b0968c17504b262d01879064f",1660158018
true,"0x174a0e6dd18638b9997c75c5ea744fb0b9e3944f",1660452263
true,"0x15ef7042dca5a226b0adde57cf43664b55041d0e",1634693829
false,"0x5475b8fcd4cad5b750be0a053860472cc991b2b8",1670892908
true,"0x79ea035ce9999b3233d2013b7cc65dac091c17e1",1668474200
true,"0xbc37828dc600b85990a74cb5a2b40f425a2a7326",1670922472
true,"0x88751c204f0e6e2c56cdaa8c7c080454ff012ffb",1657459126
true,"0x50812f2cf12663d92c2626bcd6488cbca3152e68",1646825337
true,"0xd6e0bc4029d6d3bf7fad5e53005ebb8b3816a3bc",1649548045
true,"0x8254925ce4ce17cf2bd0a666947d606184e45332",1639969011
false,"0x7ac2c245226360d6b31d4f5f3671b45e982f5d4b",1672805771
true,"0xac0d083ffc67bd5793581c80c164522f7cbcb50f",1679649818
true,"0x313e74f7755afbae4f90e02ca49f8f09ff934a37",1647761362
true,"0x8e4137ed1d3b2efbac0bdfc419738e637d4536c5",1650986493
true,"0x10a3739ed4963aedd3fd26b4440cfa01f0262553",1641570861
true,"0xe446697826b2d4ce92cbdcac1d08990bbea4c59b",1632929469
true,"0x6a46180d8525a7d7c101e4e1a08bf6c32624b6e6",1636526276
false,"0xea5cfd6f7feb755987db8dac01de438cac0dd975",1673521429
true,"0x19be90f7b0a0091f0a902d358b0b700a99f2bba3",1672663967
true,"0x5ee95d52809b0a96acbf52b01728a150860a29bc",1672664077
false,"0x8a0b0e279a8279ec6cc011b95d82b5fca48725e8",1673535940
true,"0x1ad39f6c39d5eadebf0bf2cb737afcd8d16eafaf",1672664165
true,"0xc304a76b744d4eccae0f1df4c7e7443520e53373",1636663997
false,"0xb658f417cd16e22d599277584a0397cd2e407de2",1673557007
false,"0x6654ae46c6386ae4ab49bc35fe93465ead75d2e0",1673596813
true,"0x6752ca0d9b890616cc5bc42bd9ba4765dad2f895",1672664223
false,"0x1347c5d5c68e71262ba06a67d0e011fa69ee43d1",1673621440
true,"0xc4d3590887c4bb3798df7a259a5af4dae770a859",1672664281
true,"0x670851028803602b547ccf203b22708ac4d3984c",1673654735
false,"0xd9b112836b0c150575a6e58eea38798de42cb64d",1673654363
true,"0xe1fe406382115689ac4dd7acc1a1c23d0c8c2d63",1669408223
true,"0x206540135bfab3493c73a9cde1fae2662b3c6491",1679738256
true,"0x05230d48b6b9ef67ec1af1da6b163f04cafb17a5",1673669069
true,"0xe696a12842bb6733a223344da1f50e011659de67",1673695199
false,"0x383e3c897225a5c706f0b89378e387b9f4cf591d",1673655843
false,"0xd693b7a9aab028d254dadbe6bcee0d24fcc5b8f0",1673707308
true,"0xf86899d1c4e5454766a7e572e4a31cec5cb097c2",1672664339
false,"0x8e61a1b1d2329668346545d228446c320d5a2019",1673717168
true,"0x75c6dd5e19e5131b879fb192e1150dd46c94a1aa",1635173033
true,"0x7e5f9ee3879866a7890688b4f6d18623ab20bdac",1656047817
true,"0x75e00db89ff5aad7c0fe2a1a9542375be4481be0",1678908154
false,"0x6c22660c0da067ac0c6825014041ef409a64ffcf",1668537327
false,"0x3cce6ac3cd8db5e4d3ce28abefe1ab6987b7d4a6",1668564378
true,"0xf059b59bdbec91d83c558b4a3cd3c1c6e275f2f1",1649966346
true,"0x2c2887e430178178ea033882c5dadbaa080fd3a7",1642926764
true,"0x54de248c41107fbfc7315521f34b540c61604ed9",1642374835
true,"0x76dbee9c2c7ee50562fd7b8905ca3d2d5b90cc12",1601819200
true,"0xd1e570a6c1c9ab5772a8e0946a44eeffde18e1fd",1668635684
false,"0x31580aec6321f4587d5fd7343653bd1f8bc68593",1668670486
false,"0x86650765486e88031195e898864c08853c804343",1668670504
false,"0x43e5b47f54016c7de6ea953fb418b32217827ba8",1668670804
false,"0x270a6424de619dd1ff184c39506ccad9aa2032e5",1668671040
false,"0x19d5800aab3e776c543a6fd4d6d576a8bea5d19e",1668671454
false,"0x193280004f3b155abe5fbeff6f8c781c123cd60a",1668691887
true,"0x673b047b8b2041763775fa7d61aa94d48adcfcba",1679901618
false,"0xd1858da5b2eda034cf4e7e5d29b6d56d3000aeb4",1668729552
false,"0x0e6d4d08ed5be467de7205a0cc4c112985761dc0",1668673168
true,"0x2644addeeff1c9ec7cb5396b4e14345c355e5138",1629539317
true,"0xa9f639354003c0ba90bf0ff9a8be4ef48ca0770f",1642675462
true,"0xf400e39947e1d6729a91138592800ec28b01157f",1668835764
true,"0x4e9581241c6badc9967eb0e09465c316c1907cd5",1627791966
true,"0xf46ab1f6eace37685b2a7a643fbc1ef076dbc378",1648571195
true,"0x2a6a079297f7b63e0a8e721e9cffc35116496a75",1668965085
false,"0xff5f8cbb509f941b157c0e9f4bb511d267c48bc1",1668956931
false,"0x691fe7fc3e3d324859a66142155767f856fe3289",1669009825
false,"0x0aa922aa4b2e771f1bea02afdfe7281db50cef4b",1669058730
false,"0x42318479b540539e3e741b54c12f6844422f05a0",1669058648
true,"0xab85ef285f68a9fb6f014f135d9e068eb9f20176",1669108706
true,"0x5bc66b92d96c4f894ea6b4224ba23da083e98dda",1669113676
true,"0x3ddb9162ab61919dbe6ccfb260f8efcffd9fbc94",1642525531
false,"0xd7eaec353a40955089e630482b6053daae104b70",1669159393
false,"0x91b91477d2cd7b63ec81ff9eee15b6a8d1de7d76",1669164798
true,"0x98633f473d526f3b92034ede0c51994565f14248",1637644294
true,"0xcde46eb37f585bde308e21baeb02e47b40ae3043",1655710940
true,"0xb4c57e0a0809d24c627ac44f021e3e54fc446072",1669215326
true,"0x75d55bbe66383aa108994e63763ea571e438bc18",1669286761
false,"0xb508c254f2b581a6746dbff0585f21f1f9344899",1670284739
true,"0xb3bc8fa52b776628c253ba153dcb1bd481a18354",1654903657
true,"0xf9e9b8e1f0ac6bb5da4017a647a5214d927edd21",1668314972
false,"0x987bb86f70e05a156cbdd4973fa19f97e762b024",1668497482
true,"0xa6f1c95d8d069b894ef506e15e4ae9ddf065a39f",1642051795
false,"0xa60d0991cf9ed8ed306a3e179bd6a832d87fba98",1668528573
true,"0xf2ba2ead3d26c213721114a02e0c56d8631ae388",1645176153
true,"0xddba5535aaaa958676f8a76e29dfb8eb8ecceb50",1678998295
true,"0x33bdb4d072f5ac9eb466fb04e593bba91a9eb011",1666016213
true,"0xca04df9e5c15db6fce0aab1009f1d8d86188fa0d",1680304221
true,"0x49085bf595d306dde8a0ea78ad8d06983abcc99d",1666785149
true,"0xba5779b50aaf0d59855fd6d53cfc9a228657a669",1659078681
false,"0x93b67ad0b69ba29832bb21ff64fa626728ed557d",1667945096
true,"0x435692eddbe5afd9519611012a6306b077aa4454",1632929294
false,"0x0984c4702800783b0c8ccaa6570cdcbd8021af30",1668021564
true,"0x63c4ccd81c7f2e59f1ddb8a931abe6616995e899",1680313057
false,"0xde90f65fdd14b11e5b203e1c6f411fe76c8afb9f",1668055287
true,"0xf127fb716d2534949b1604fb1a777b9c21599ff3",1668077385
true,"0x44275d3851a643fb53b2d844a682cd6bb9c8cfad",1679081061
true,"0x6f2e4fa655611c8dd17a79a746d14827c2a05643",1666370228
false,"0xbad7a22dc5aec119859ff99259a2929c5ca59f0e",1668144167
true,"0xa014e878e6a45bf1bb94042a4566e9014d62e438",1641061081
false,"0xe088269ab5a15225533984133d0b05a34eb0fbbb",1668201340
true,"0xbefcde6aad45145698f1fc2758f28c82f3634bbb",1668258253
true,"0xd5afa70148968430f4c4a1b9e4cfe24ba7d4f25a",1649269322
true,"0x52001470ec861931bf069ccaf77fad1a377d2ec9",1678751634
true,"0xf275b73fca08ef62ac048e905ae410195da61b30",1647694987
false,"0xb8fd5d69b6ce727034bb13f3d172f5ab1e472e05",1668295396
true,"0x7a6c7dc05497de639b67cd4ae9c0ac8ae3e03381",1625648989
true,"0x0f98f9f978094ef656c122bc8c50e4f89a530599",1665692131
true,"0x12ad22b695bb0d42f0bf5cb2ee4ffddfd6094ff6",1679606950
true,"0xc3c7dada4df3dcf626899ab2b03fbd6d22cda545",1680514701
true,"0x0f6970f269cd49ee01a1998b5aee4e7c80b8e702",1679652000
true,"0x6a1ad410d0779fa3050eb1e869449a80f76906d7",1678378757
true,"0x102fa3b562192980ff81c98d41733b9fb8632426",1665750629
true,"0x90191175860c66bb2c4be72adf51c20ac33ae523",1665780495
true,"0x95724a648cec77ef2103695fec127b08984abfa0",1646245499
true,"0xd7a9e9af4306521eafdc6bcc88f350c71abdffbd",1665819042
true,"0x5bca33921335a0cb224dd7212a049590bc9d68cd",1665819866
true,"0x2892b913b48f9f8d8c97b7d900f1a85f59e49574",1665822411
true,"0xe80b251534645dfe36953a9cbea1786b83c50ce7",1622923774
false,"0x71d8e31afec97c07ed6c2e7dd231b7c579e38158",1665839024
true,"0x67ac3eeec13096d6bcb8052eeff4fae2b92749cc",1665784341
false,"0x0fb5bb4235c4a9612586823179ad7e79d81f05f3",1665847740
false,"0x0530fb79ad7ccb2006ed7c804bcd317e77c33dd3",1665849408
false,"0x3937c8ba1dd553f16478486f5a2a092f354929ed",1665849500
true,"0x78c1eba342bc7e108a755902dc356327029a57be",1665858084
true,"0xca22c420b196a2a62998dd99094e42d9a1df8db5",1665860000
true,"0x8caa50365b322d50b7454cc7ff536d0e8732a047",1665861770
true,"0xa947676a57c974e2ff3677e178e6f21ccb26b2ac",1665863590
true,"0xac7c8cc7e69f21be3d9a753f8963a09a2e24f42a",1665865450
true,"0x9213e61aaf872f3d7f4123d05e99ed5f5ff6756c",1665867356
true,"0x211b6e5b67ba4da7492840dc72ab3c993bae94b1",1665839317
true,"0xb2b521d47fa1c8fea2dfe12ffa33a7dbbd7a98af",1635965582
true,"0x2bcd88e5d4d968c75d28e78ea69a656dd8fb13c3",1665884308
true,"0x7f889dd154370d2fdd8e69987134ed30c5cd36df",1665886086
true,"0x9d0bf71efd504cb5148f09c03e4d63bf902e7e73",1665887917
false,"0x0865ed67a1791924fae93cd826c2cb5cc8257fb5",1665890046
false,"0x72a8f5abbc92b4969d0e60f5257fdbd6787d03c3",1665895711
false,"0x1d1064ea8b108781e254b08dbef3b2e7050562fc",1665899526
true,"0x1052a545ba79295f0ce3eac37e3e904d110dfce2",1665912978
true,"0xdc8134e4b17b4ecdb4036d0683647c5cf9f221ba",1665921600
true,"0x52ccae5476c6f6169c89cb760ae3f28292a5cc2c",1665923400
true,"0x855c188371eca8a76b34af6317b0f38ff0dbf7f3",1665931584
true,"0xcd92f701cc93b842a2735e15d3f25228c38f79b3",1665933387
false,"0x2acf7efa3232bfc716dbfa4c3559e793437f1b5d",1665933593
true,"0xc4baaceaadba58cb2e6ff69bd45f25d3168979dd",1665935181
true,"0xf5e6d2a096a2415bcee8d0d368f3a72770cca078",1665936981
false,"0x3274aee9c196237b243ccf482db1079841bbc019",1665938598
true,"0x1033dc582fcdb9a6236694ef2286b213b1868e7f",1665938638
false,"0xe13e012bb4353bdf14f3dcb873e8b3054f0d787a",1665940012
false,"0xc72c7c71bcf671244a2896254f84340ff35d7667",1665940054
false,"0x8abf6b76829bfba94bc05101c417b25492d47387",1665940104
false,"0x5932e8a0d227b725deaf41a2c4827ad5b2abb650",1665940136
false,"0x21ac68d6f9ad8c3ca2867bf67d82431d1b06b3e1",1665940272
false,"0xa1a93234281e8cb3296c1aba46911e5f81166c7b",1665940310
false,"0xd9940e3fb21cf4f7af1fcb544c19519d62ec8b04",1665940354
false,"0x2bac7973143656c984f357c8b6a1c49d51c1391f",1665940400
false,"0x4ad37fde135a1515b324ea377589d2b4c7be1348",1665940440
true,"0x3e132f9ea379debd0f0a68f9fb182eee9c4d2631",1665940498
false,"0x6a30a8144032ad37068e2214757fa9be199e3551",1665940520
false,"0xfc9693a8994927128b15578ef7f34989a663af7a",1665945719
false,"0x82f3edb3ecc83851ac2805072379a118f1fc4630",1665949255
true,"0x3a76b6c2041e8ffd979b85597d2ec1dc3041bdd1",1665928366
false,"0x9a392d5fafbf7280b9968ef29b9a0a239a768d14",1665973005
false,"0x1987835ea7ab202689bdaec80dd086992035b1b3",1665976782
false,"0x2752a47954e2268fcebf20c41e13edcd72675658",1665980602
false,"0x0826ddb411b7f8a13870526a46eb21fd03cdf668",1665989178
false,"0x13493b7ffb76c50339234d9c763917e45a4c5939",1665993189
false,"0xad0c90d4f36ea1431ffdd0ad98e40a37ac886af3",1665994071
false,"0x1013e73ea591a75ced51bd5e568ceaf957b99652",1666019096
true,"0xdd710b690e731a0d77405566cded7d5e4ed3af20",1625658218
true,"0x5761db9429ba0045881a131df4ebdce9c896d950",1648687406
false,"0xffe659925c5a08c30cbf462d82c8820079e501ce",1666028337
false,"0x1e6913f9689ac5e72929a171bc76d04b8a637b7a",1666030066
false,"0xd91239fd876a8f8e83ab708c7c1311f4618ff4a4",1666031680
false,"0x00c51aa0d5860075b5c09c29bbe4d2c6f8b50d9b",1666055358
false,"0x04f8669032df925113ebd3f451ce6f1bc5f198b7",1666057044
true,"0x19adba8224a3b087f236a9854318bea0fb7eecc4",1627381399
false,"0x27148a68660db0e0b946140d229a17ed7090a436",1666058738
false,"0x1d06d2bd51986c74402776c55128342892f58e24",1666060428
false,"0x9badb18cf99893af0089c73940dbb32db2678ddd",1666062187
false,"0xcf68e747ab65cfce5d8acc918e248f08a6d723ef",1666063825
false,"0x96849759a500a3ee53cc7646a34fd7dff282ace4",1666065993
false,"0x52a3980e9fce435fb8facf307c2b8a7ed80944b7",1666067835
false,"0xcee881175ee68093dfe9806ac22b793b47b6db41",1666069745
false,"0xb4bbf743c30f71ac900c863d52cb1f37a1be0b30",1666071624
false,"0xd829bff151998445cf437af961d6e0f3554a1d83",1666069779
false,"0x000d79f6bf10dab072eba044f9fbd28361cc8aba",1666098906
false,"0x8a43563071a2aecf544feda2c2b58c187a178c6f",1666100653
false,"0xff03bafafebb330d74b531b189850d498206d202",1666107138
true,"0x56e08babb8bf928bd8571d2a2a78235ae57ae5bd",1642030192
false,"0xd91ab8f64c6b8dc722e9875df97fc68d648aa1a3",1666120121
false,"0x6e78e9f19b4a85b790585a01c159f96830abdd04",1666149249
false,"0x1642516d1367d1316c3f0539acaca4e63b675bb3",1666151098
false,"0x75b31fc5c563de123db5912aa0fddaa473162b45",1666152992
false,"0xca1ddadea6f67f5eb101a2ba39ad8e1df1c36be9",1666159887
false,"0xb548b2410e370bf7b2ef29fbbce070baa2a810f5",1666161745
false,"0x419f68a635291295d72be036e763b6d851e3a732",1666163373
false,"0x1fcf896d62f6a7d1f1caddad34d7ecd13dbf7439",1666165253
false,"0xfe60e6535b48d792525c554057b6e5d4d5e3e460",1666167130
false,"0xd9de55e43263c7214269ca6cfd7098305257a2b0",1666177051
false,"0x00935a8e1c53bda726563e70f22ccaa0e359a688",1666179031
false,"0xb2a7c33ed22adb5fbfd96342753434652c4accb4",1666180933
false,"0x2d4934543c07b73ec5384337266de20e3d87bb21",1666182891
false,"0xea141b5b7aa50b1a6a693e266f046eabf114ae70",1666184828
false,"0xb465912de18b5d46d3bfc57882477767a3469905",1666186814
false,"0x9b6c73046330cc634c19b149febf03d71bf7cbf4",1666188490
false,"0x2f0042bfe2b7b92183273a48a70111aa318d07db",1666190188
false,"0x5f4710e3067116056a1b733bf3da07f7e833bb34",1666191893
false,"0x49aa2c9153d0716213c3fe5c2cf8abc39eb2bcec",1666193214
false,"0x1c2e3abf0edec8d60e73f61da370d080c8a2426e",1666195032
false,"0xa910933fc718d80729b3f58d5372e79884fbf22d",1666196725
false,"0xbf06167309d581b3a26c317e8dd62ee896402f7b",1666198477
false,"0x2ee6f7df053cf50a520e690b759d31707dcaa3fc",1666200189
true,"0x3563b96e40a6f0a951146a7c1f5eb2c8eeecc7c5",1622490851
false,"0x560d1d72f896e61026b532391c070aac5f4b5ae3",1666202210
false,"0xad37d5e5c8daed0d329f5c1e224f600ae4d47b73",1666203974
false,"0xca90b08f799761630ea016654df146e16c76c4d7",1666205708
false,"0x466776dc55b535765bbefbec01c3cb0c2c4538f4",1666207170
false,"0x50b77ea5cc0eb3eb5e7bd5d4fe9d86c913055f02",1666208747
false,"0x16ec10bb0fb7e0c4579c028456ba25f944bb297c",1666210479
false,"0x1ecd389b9b604b56c5d371cbe5e09b0e32760266",1666212228
false,"0xee3ec2f3e7f40786b5fbe4510b13ba57bee15f34",1666213989
false,"0x38a0be0d6d91acd542016ec61701c6b5f0a5e46d",1666215745
false,"0xf6a91362d9d029f8d471da043e09a46ec730aee2",1666217556
false,"0xe71b98d6a798b1e1c7b5a0ab84b998c990f18334",1666219381
false,"0xd9539a58574eb80f2269ff553370926869b027f3",1666221215
false,"0x6adf686825907b93c8aae4692bbb0c90bc9f3c3a",1666223068
false,"0x5d8776f776713bd73a40fd6b83f71f7d7c376f81",1666224939
false,"0x645843e1a9ab573fc4a9487ff3d6e09f03008e44",1666226831
false,"0x2478f21385501df0d87f56dd9cd4c2d8550b77c2",1666228737
false,"0xa900f07fa6b619dc3720d94250dc2718d1cdd431",1666230668
false,"0xe25885e5125777547f6781eb2350fbad0f92c6d2",1666232766
false,"0x89a5c2c4401022fb5ba02d528dfff9a684414beb",1666240485
false,"0x05649c26eee96f5abe3ffd19d1f64b34297bb5ac",1666240563
false,"0xde64fade7670448d38a9b29ce49d7d342a6c3a66",1666240643
false,"0xaca0866e042a17a31803f7bf58dd52f4e0005727",1666240755
false,"0xd22bc41530eb7609b08bf9f7ef0b2f2e1ac7939b",1666240985
false,"0x92af69c3338a639ac4846cc4165312df1469fbc5",1666248877
false,"0x8c86da17eeb93571d5dd5953e035d5035d0d70f0",1666250801
false,"0x68e9ae1e3afa538482983591ad074a343c8ba77e",1666252737
false,"0x48156bd92dfe6900defc0ca13a78a887e4463806",1666254690
false,"0x44c929c8806039cc3531825fede86cfa54828620",1666255340
false,"0x2075bbb057143c0d384542fa1efbcbbe51b7eb68",1666258325
false,"0xc4ac13270608aa02a2f8853a5be5fa7fa95b9cd9",1666256642
false,"0xf38af3452d6519c8b9721c3fed0653b4be3d7b87",1666281853
false,"0x290834b74e53b44feaf7ed8b1589578e56bbe686",1666283562
false,"0x4ea88e5bc02e5a65be29a29972018613ed4c8e9d",1666289153
false,"0xa2f35389590a899346b6d7cf042beba0f81efdf3",1666291049
false,"0x83ff7b5a4313ad745ae3f2f344832d3760ca2d81",1666292994
false,"0x7714324aba92a26b9b3158a7b1717e5212641d03",1666294958
false,"0x4f20e24719bd5259ef3df70746e2f93fd5ce89e7",1666296917
false,"0xaf4bf4349e314bc3307cfe8c9120d7d64de40db4",1666298896
false,"0xf28e589fd948f1482c6160475250d728468b3e21",1666291992
false,"0x91a142505043eda43b585958ed372b7b68f6a36d",1666300907
false,"0xb807e5a1c4402879ccc6ce539b3f943f8fb868a3",1666308464
false,"0x9a63b63a4036722677725cfda5ac7e9a65c456fb",1666310506
false,"0xebf66c35219e9053cf58839bf0a0228b7a981f62",1666312610
false,"0x839757d1d7b846dff937cb2bd90e40b5f7d7b7c3",1666314525
true,"0x19e54e9e57cc0c5a0af142f345f6022903262667",1648044364
false,"0x08d8864edb3346bb31ecb1e0ed75d5be1114f853",1666322654
false,"0x156161473bddaf54feb0fbc9795b5484854c8974",1666340993
false,"0x041d5200177b91174477ce0badef402d8e8229c3",1666342927
false,"0x8617d83b80860c5bac3ea5ebd11c5c2ce4c041fe",1666342913
false,"0xa5ee3db1abbdf1c32a5aae768aa72e3e1aec11ac",1666354142
false,"0x660f6cc2239f643d52aacd5b4bccc953b407a428",1666365678
false,"0x13d000094bdd84c5aee69d7a2c10f6584c2de4d0",1666368587
false,"0x77e2337bb7c247ac24a88e6e48275bacae1c6281",1666370620
false,"0x940783712612cca2f18afb6ff88495d8e65e6c47",1666372686
false,"0x42c8dba2ef40fed042f2c44913d124a08045bd60",1666372672
false,"0x1f9ca98efd55359cdc3c6f23ab8edbf140ca1662",1666380802
false,"0x0d3cfc982d8701a5094c2929c4f672a26a7d9af9",1666382849
false,"0x83a7245cb8c1b3c84a67df9dc6f5757b3aa8b004",1666390194
false,"0x7079159318808ee3d398a278a4403c159ecdf9e7",1666392494
false,"0x79401a886c8f0166856aad8b71876d34d4638dbc",1666417409
false,"0x440b61c65145e19c3725fa841f6d6ee986af30be",1666420069
false,"0x5212afe032f47596b7afe0f32a9ba36baa74e652",1666422251
false,"0x6b31dbd4ba00f2776bf9c64288caf50343c08fe0",1666422255
false,"0x8afd52142201f4cf9106c4b631ff84f330e929c4",1666430264
true,"0xd4c494f48ca8e5d342e6d3180c19a5ac71071cf3",1649966465
false,"0x66539d078ab638c808a367e94483790ed022062e",1666448607
false,"0x3a3bcf61b64ce802545965c732787f65f43e6ea6",1666450827
false,"0x6ead203daedc3a43b83868f1a64f0b9cd0cf727d",1666452965
false,"0x8968843b13d9867174451442baebbe903925ae95",1666455278
false,"0x50676df37be042eb42ceccd7d0794e9a61561b48",1666457317
false,"0xd9582c1791800cfa0b9262e7eaf49c3daf6aa8d6",1666459609
false,"0x65556008eedffdc1b2a35fd5e2f344c62c9c7c80",1665594365
false,"0xcff4524122e93bc02df618fe5bb8e8e6f95cadcf",1665596728
false,"0x5a2429a5bb4f3dd56d5e1734f9d8437fcf897c92",1665600426
false,"0x2b99b030ac5d29281d507c2252feb6cce1bfc044",1665610284
true,"0xca4be4c252fc28024de10d298c6a53516a60640f",1658889595
false,"0xbe1c581fd265cc519c6c8f25fb9d1ee16b255c1b",1665610374
true,"0x29a5f0b5f282162a6ec9ce62b22b1d8fc648f874",1665669184
true,"0x9c11775abc672146af7c07781796a38c532090ab",1648701062
true,"0xaeb3cd50a50946c0555d9e66186a1b5103d04f26",1670071399
true,"0x4dbf6c1c046b927b43cc3cf9e6d2ff393a38aa98",1634484324
true,"0xe7d46987b3e8fce0b2c8d2d9ab1f2ce204ce166d",1625674268
true,"0xd8cb6b068e0aa8ab57da2710f7e57f2fec249670",1646826124
true,"0x4c5eaf54ded932003a1fbdbfc0c020577448862e",1648633036
true,"0x9bd28d65b1beafa3fc5a7aa5cbd6853d350ba94a",1657439707
true,"0x38a3858fd507bf9f771f5b702118f8dc08f3b636",1657439900
true,"0xe55db019a630715e9a690d084a7f661f58711676",1687304632
true,"0x40d84619f00ffe12a615625a2d09f79a5f8fd150",1687357459
true,"0x8d8a667ddab4e565643a9a36cf799a6b855ac2dd",1687410330
true,"0x17f6f6d46973161707982ee0ddfceb79f5809cc8",1687458326
true,"0xe683464ebd709b9c5ec7a630baae1045185ce97f",1648755579
true,"0x9c7e660f81893f268aeac7324ddfb507c11752e2",1687510003
true,"0xdaad43140efebd259a1fe3200f23f324becacb47",1687530128
true,"0x4c2762a22a0fcf72aededb21cbbad5e6a1bd1f6a",1646502896
true,"0x316fe8c6a70e3e56ca3f93551fbbbbc2453bb374",1641565718
true,"0xc7d787a03589f440f29d6ce25f3c4cae9ff75a7c",1646825866
true,"0xb4477b587eeece99e0967038dedcb7fc8a763e33",1687596114
true,"0x73b5eb9313dea57d1081a7df07a2d000e7cde774",1687647578
true,"0x869f9b70518d8b84b6363171dd2a903332983c03",1687689704
true,"0x887f617add8d98bb6c8c1e9a7dd7697ef5000788",1687715350
true,"0xf44725568d06038a2fc2d4278f19fe8951fca93b",1649226395
true,"0xd73de575076a42804b762b878c755cd2df08257c",1687746967
true,"0xeadfd6c275168ca8416219607b9a007cd228eb31",1687792102
true,"0xfe15a5106abe55eca55cbb0ccdff917b7e107d41",1687850304
true,"0x425972c953191e1d701652548bcf427d204a07b3",1650397130
true,"0xfd87b28dae7e536fc69558170014ce4f27ca4fb1",1687883953
true,"0x1732a1026da34e7120b794c9b4d9aa56377a9c10",1679591229
true,"0xdb75815618a6e32b09354fddf1096100521bd5aa",1689752907
true,"0x57cb4aad02f57ad53bc01f434c4a8391f4e68c77",1689835774
true,"0xa05068fc53ddeb75a3afbecd92cddaabf499c072",1689911822
true,"0xfb3381bdd5b2ed0b9c18dc1bfcb80246ae89e3c3",1630925660
true,"0x59665f5d3e7fb52feb352d81e0ef0a3093085262",1632550942
true,"0x1adf3477045766075dca7f4f2d0c6b31a7b16e44",1688884168
true,"0xbfb941a7c4d4328fcd354bef75ca31a4cc5a89bb",1690034320
true,"0x2ef8d7c8d8095d20ce2e14531e7fc6b0bc8cc0d1",1640590267
true,"0xb517425a7b7c5bb07548c22ab5c1623415295009",1690184926
true,"0xeb53cb68b333f584a1cad561091ecdfa5088d28d",1690196006
true,"0xa00fbb76becbb164ae802f76f3a82b8aeeb726ab",1690212299
true,"0xb95e76f3849a29f5084de906a764cedb950e8709",1690144428
true,"0x5624f3ab9dbe0bc5d4d2f1e69204d73fb4f6f01b",1690245066
true,"0xe494b6ca3a92f6692a8219789732ff569eb49de1",1679073707
true,"0xcaa30a3eed73e603ea2dcc560be9a3220ff4e67e",1689140755
true,"0x3e6972552b6ddf8b62eac6288e08605c7e773e30",1693169116
true,"0xf3676dc97400b23f8b4486d1e360afcca749fc60",1667279843
true,"0x570d5b1c8fb697463fbce34c2771958d232aeb74",1649514166
true,"0xb4106c9ea41835e5482e18dff7579c91746c6022",1693298773
true,"0x9c2ac654ded18d6c6005d8e9be835947be6b0b38",1693205840
true,"0x4897c6996cd38a0d3e8fa6ddfb6ec07b52584f90",1693310137
true,"0x0f5d3b57ad0b785fc3738e0c1ea9a7c978f8a7fd",1693343337
true,"0x03c5cb5c07bdc0161b980d9089aa63f8c31eea08",1693387839
true,"0x9d27727339f185ba76f6588ce1d308546a8c02ed",1693409849
true,"0x94ff55b8655977423cf63943d92c5fddaf36cfe2",1644690767
true,"0xa4421dfcd8a39b62be2787b36e6855c2a8bd4470",1645827879
true,"0x0473ad979885716adf9cb75e91510fced417f28b",1644471082
true,"0xe4f09ea25c8ac5c81d3b90f4c34813da58ddedd6",1695757947
true,"0xbbd6ae5bbba5bd961d959f3891bd0d9ec49e5b01",1637956291
true,"0x15e23b4d841f50b79a7cada041b8d54e7a54b5dc",1695793872
true,"0xdd11d5db35f52110d6c6a03778e2f822b1f79a0e",1625857615
true,"0xe0e19ed24592ab64ad9fe0d85b82470f0fbefb4b",1680457699
true,"0x15ea3d1bd178dd3ed6b5d6105e64afeee52a1193",1621959904
true,"0xcab60429afe0db4bc50acf1fc0811adc138b825e",1631372762
true,"0x6937b223808f8e23581f4947e3904a6ccd0000a1",1695891496
true,"0x48c60f31f90816c9eb03c79d5c5fedef1eea5c49",1693468000
true,"0x645365ecd1af6534bf73d46e90b4b05a2492b359",1695968964
true,"0x6d9859283e1ac61bd1f93a6fc6a4dee538e58697",1695987005
true,"0xbc7650c67b0da57b79dfdf8708f6920fbfe46b27",1695987804
true,"0x55542559e6fe01d9ed18efc40b30d904724fa099",1696014754
true,"0x94999c9be303689c1377af5f299100d8a9e7e73f",1631332429
true,"0xd592510ad8bce793d7ae21664494aa39dc9e1e22",1692733548
true,"0x695f617f002750c2d1a57d8b9130ee824afd97a5",1697475803
true,"0x98bb01902c0551e65fa5c89e0be127585e507213",1660383255
true,"0x758883889d4725be67d062451431a15d6d70971f",1697527855
true,"0x3ab04bd595d6cd8ca078a22997473c10f8612ff6",1627714392
true,"0x9edf2bf92cdc86a82aca9ed381aa7176b293b0b2",1697631209
true,"0x2ea64e0fa509adf269738a50a2f628eef7c991f3",1652034703
true,"0x47c2f4e9ebfc656cd19ab503bf41ad17966c56aa",1641745450
true,"0xa4d1cb86d3b050b73912bc46948e28b24ee1e2f0",1697358347
true,"0x092dc9910745799c08bdf30e02879830c06e59b3",1697727050
true,"0x5f653f3b6ccda2a063053a66a4fa7cc74c26e67e",1642007963
true,"0x61409af8f6e914a28915b13b9c0b373b05af2461",1697772803