"burner","from","to","user","stablecoin","stablecoinAmount","burned","burnedAmount","tx","ts","gasPrice","gasUsed","gasLimit","v","block"
"0x86574B1E22cf13a8dC02b1c6599E5EF21033334E","0xd592510aD8Bce793d7aE21664494AA39dc9e1E22","0x86574B1E22cf13a8dC02b1c6599E5EF21033334E","0xd592510ad8bce793d7ae21664494aa39dc9e1e22","0xbc594cabd205bd993e7ffa6f3e9cea75c1110da5","15882","0x3c2b8be99c50593081eaa2a724f0b8285f5aba8f","100000","0x0e7dcbf1bdfb05811bb5b91e0c6d45f536d48af053d1a7a78ac2d312b054db67","1710574617","105000000000","226757","340135","3333200035","54948272"
"0x86574B1E22cf13a8dC02b1c6599E5EF21033334E","0x12F890B7108E43c7EE3e28685B3c32dF5Cf28761","0x86574B1E22cf13a8dC02b1c6599E5EF21033334E","0x12f890b7108e43c7ee3e28685b3c32df5cf28761","0xbc594cabd205bd993e7ffa6f3e9cea75c1110da5","155787975","0x985458e523db3d53125813ed68c274899e9dfab4","890217000","0x8a676d76249d78780a211251ddcd470ffb291266075e76826906ff7739909f38","1710599528","100000000000","215094","215094","3333200035","54960723"
"0x86574B1E22cf13a8dC02b1c6599E5EF21033334E","0xf5AD19BCdfB3a9964799fD0Fc042917c53230D6b","0x86574B1E22cf13a8dC02b1c6599E5EF21033334E","0xf5ad19bcdfb3a9964799fd0fc042917c53230d6b","0xbc594cabd205bd993e7ffa6f3e9cea75c1110da5","960400000","0xe176ebe47d621b984a73036b9da5d834411ef734","5488000000000000000000","0x46a00ca22d529ccacdbaf7019437c8d70659e9036ac07b28020fe5febbb7a05c","1710649719","100000000000","211250","211250","3333200036","54985811"
"0x86574B1E22cf13a8dC02b1c6599E5EF21033334E","0xbc8da18ef4cFc2282487c0fBA2DAA8FA7623045F","0x86574B1E22cf13a8dC02b1c6599E5EF21033334E","0xbc8da18ef4cfc2282487c0fba2daa8fa7623045f","0xbc594cabd205bd993e7ffa6f3e9cea75c1110da5","17500000","0x985458e523db3d53125813ed68c274899e9dfab4","100000000","0x3cbd06428947c34834e43b16f85f7540c2e1eb1a2aa53324bcfd97b211a975f2","1710681939","100000000000","200082","200082","3333200036","55001917"
"0x86574B1E22cf13a8dC02b1c6599E5EF21033334E","0x9f1d4cD8C8B64dc2337FaB70F0483e3cab13Fde2","0x86574B1E22cf13a8dC02b1c6599E5EF21033334E","0x9f1d4cd8c8b64dc2337fab70f0483e3cab13fde2","0xbc594cabd205bd993e7ffa6f3e9cea75c1110da5","9625000","0x6983d1e6def3690c4d616b13597a09e6193ea013","50000000000000000","0xa62fc709c5de7d68b6a1f741a17a12557766887ee63b3ed123a632d80889e73b","1710806348","100000000000","219686","219686","3333200035","55064103"
"0x86574B1E22cf13a8dC02b1c6599E5EF21033334E","0xF5f19a296f280F7F9BD7ea7382EA1686166a96DD","0x86574B1E22cf13a8dC02b1c6599E5EF21033334E","0xf5f19a296f280f7f9bd7ea7382ea1686166a96dd","0xbc594cabd205bd993e7ffa6f3e9cea75c1110da5","87500000","0xef977d2f931c1978db5f6747666fa1eacb0d0339","500000000000000000000","0xd008fe6a15a1cbca414ecc7fdf75e18916420c803e2c7d690dae85416efa85e8","1710848530","100000000000","207021","234813","3333200035","55085188"
"0x86574B1E22cf13a8dC02b1c6599E5EF21033334E","0xF5f19a296f280F7F9BD7ea7382EA1686166a96DD","0x86574B1E22cf13a8dC02b1c6599E5EF21033334E","0xf5f19a296f280f7f9bd7ea7382ea1686166a96dd","0xbc594cabd205bd993e7ffa6f3e9cea75c1110da5","83237500","0xef977d2f931c1978db5f6747666fa1eacb0d0339","500000000000000000000","0x795ba4f4f81c1ad260ff768cf87b5e0f30e91acc211eb446739c2d5ef9b41a19","1710848554","100000000000","175453","234813","3333200036","55085200"
"0x86574B1E22cf13a8dC02b1c6599E5EF21033334E","0xF5f19a296f280F7F9BD7ea7382EA1686166a96DD","0x86574B1E22cf13a8dC02b1c6599E5EF21033334E","0xf5f19a296f280f7f9bd7ea7382ea1686166a96dd","0xbc594cabd205bd993e7ffa6f3e9cea75c1110da5","79255270","0xef977d2f931c1978db5f6747666fa1eacb0d0339","500000000000000000000","0x19766bd2c3f9401966db256ca65b1db1fb47242f5e8bfbcb0183a44338eecc51","1710848580","100000000000","175465","234813","3333200036","55085213"
"0x86574B1E22cf13a8dC02b1c6599E5EF21033334E","0xD62e2492b5203D62E074E12C48221b610E19B02A","0x86574B1E22cf13a8dC02b1c6599E5EF21033334E","0xd62e2492b5203d62e074e12c48221b610e19b02a","0xbc594cabd205bd993e7ffa6f3e9cea75c1110da5","149283750","0x6983d1e6def3690c4d616b13597a09e6193ea013","775500000000000000","0x7db5ad182877feb04af1e08a2a0fcaefcdf84b993e4e636eea1f4fc55a3e8e27","1710964287","100000000000","205288","205288","3333200036","55143037"
"0x86574B1E22cf13a8dC02b1c6599E5EF21033334E","0x2923F29e71b65f05cb011E4A724664a084540092","0x86574B1E22cf13a8dC02b1c6599E5EF21033334E","0x2923f29e71b65f05cb011e4a724664a084540092","0xbc594cabd205bd993e7ffa6f3e9cea75c1110da5","36750000","0x3c2b8be99c50593081eaa2a724f0b8285f5aba8f","210000000","0x312f263b102aeb90e32454f4a40ebf895514ea767054e13da6ab7fe0bc4c4510","1711237144","100000000000","185094","200094","3333200036","55279427"
"0x86574B1E22cf13a8dC02b1c6599E5EF21033334E","0x605613863f61E373867f41c3dDcCc4f55007d295","0x86574B1E22cf13a8dC02b1c6599E5EF21033334E","0x605613863f61e373867f41c3ddccc4f55007d295","0xbc594cabd205bd993e7ffa6f3e9cea75c1110da5","1750000000","0x985458e523db3d53125813ed68c274899e9dfab4","10000000000","0x854e2ff5a5131e04242a2268f60c419593a7304ea6ed7f9f7af0082b5ee7c0c1","1711523122","100000000000","193067","289601","3333200035","55422374"
"0x86574B1E22cf13a8dC02b1c6599E5EF21033334E","0x300F3647cF552CfFd2d39b136F7992d7653D8497","0x86574B1E22cf13a8dC02b1c6599E5EF21033334E","0x300f3647cf552cffd2d39b136f7992d7653d8497","0xbc594cabd205bd993e7ffa6f3e9cea75c1110da5","172112500","0x985458e523db3d53125813ed68c274899e9dfab4","1000000000","0x544787704498d10d6f789e225efa67de34596b59b0f69062a1fc9229ea94c2f7","1711526659","100000000000","199077","199077","3333200036","55424142"
"0x86574B1E22cf13a8dC02b1c6599E5EF21033334E","0x300F3647cF552CfFd2d39b136F7992d7653D8497","0x86574B1E22cf13a8dC02b1c6599E5EF21033334E","0x300f3647cf552cffd2d39b136f7992d7653d8497","0xbc594cabd205bd993e7ffa6f3e9cea75c1110da5","346693583","0x985458e523db3d53125813ed68c274899e9dfab4","2000000000","0xa14b766d5dca210b9097fc16aaa372cfa64f017e89d33fb7616fdee6045349e1","1711527099","100000000000","184065","184065","3333200035","55424362"
"0x86574B1E22cf13a8dC02b1c6599E5EF21033334E","0x300F3647cF552CfFd2d39b136F7992d7653D8497","0x86574B1E22cf13a8dC02b1c6599E5EF21033334E","0x300f3647cf552cffd2d39b136f7992d7653d8497","0xbc594cabd205bd993e7ffa6f3e9cea75c1110da5","870844154","0x985458e523db3d53125813ed68c274899e9dfab4","5000000000","0x3efc4f0046ab3f5a12cbabf14aa0c4917245006282533f9f1ccce81e449fa6cf","1711527949","100000000000","184069","184069","3333200036","55424787"
"0x86574B1E22cf13a8dC02b1c6599E5EF21033334E","0x605613863f61E373867f41c3dDcCc4f55007d295","0x86574B1E22cf13a8dC02b1c6599E5EF21033334E","0x605613863f61e373867f41c3ddccc4f55007d295","0xbc594cabd205bd993e7ffa6f3e9cea75c1110da5","1750000000","0x985458e523db3d53125813ed68c274899e9dfab4","10000000000","0xa7275ee6188d7f869268eb102d22856a1337ebfb836510827b0dfce7d6548fff","1711530138","100000000000","163067","244601","3333200036","55425881"
"0x86574B1E22cf13a8dC02b1c6599E5EF21033334E","0x229e9487744b44424C86AE336d8f1d7F09533617","0x86574B1E22cf13a8dC02b1c6599E5EF21033334E","0x229e9487744b44424c86ae336d8f1d7f09533617","0xbc594cabd205bd993e7ffa6f3e9cea75c1110da5","175000000","0x985458e523db3d53125813ed68c274899e9dfab4","1000000000","0x4e96d20e9d1923359fab46b3a23f24eebde119abf46cdb7c6ca9efb39056dffd","1711534603","100000000000","200645","200645","3333200035","55428113"
"0x254FF07D102c9EeAB30530578B7135208b8DDfF7","0x300F3647cF552CfFd2d39b136F7992d7653D8497","0x254FF07D102c9EeAB30530578B7135208b8DDfF7","0x300f3647cf552cffd2d39b136f7992d7653d8497","0xbc594cabd205bd993e7ffa6f3e9cea75c1110da5","17500000","0x985458e523db3d53125813ed68c274899e9dfab4","100000000","0xbdd1c71722f34e42b97986353897e94b1bbef7f2473cb895794c47c741495423","1711812960","100000000000","230070","230070","3333200036","55567251"
"0x254FF07D102c9EeAB30530578B7135208b8DDfF7","0x300F3647cF552CfFd2d39b136F7992d7653D8497","0x254FF07D102c9EeAB30530578B7135208b8DDfF7","0x300f3647cf552cffd2d39b136f7992d7653d8497","0xbc594cabd205bd993e7ffa6f3e9cea75c1110da5","17500000","0x985458e523db3d53125813ed68c274899e9dfab4","100000000","0xce0aae4b98e800d30dc741d76a61c0a2138635c6aa6586b32ea21b20de7b7fbb","1711813178","100000000000","180862","180862","3333200035","55567360"
"0x254FF07D102c9EeAB30530578B7135208b8DDfF7","0xFC6228C062E27FC998649D8e0Ce048C3B83082bA","0x254FF07D102c9EeAB30530578B7135208b8DDfF7","0xfc6228c062e27fc998649d8e0ce048c3b83082ba","0xbc594cabd205bd993e7ffa6f3e9cea75c1110da5","1750000","0x985458e523db3d53125813ed68c274899e9dfab4","10000000","0x5adc6483b3402e3db41f4a68f1a50d7952c9da6e639f99ce3047b3cfb1342ab4","1711876073","100000000000","184487","199487","3333200036","55598799"
"0x254FF07D102c9EeAB30530578B7135208b8DDfF7","0xFC6228C062E27FC998649D8e0Ce048C3B83082bA","0x254FF07D102c9EeAB30530578B7135208b8DDfF7","0xfc6228c062e27fc998649d8e0ce048c3b83082ba","0xbc594cabd205bd993e7ffa6f3e9cea75c1110da5","1195115250","0x985458e523db3d53125813ed68c274899e9dfab4","6829230000","0xf06981d472583d183b794e93fd7d84539df1cd2967fc0eb6ea96a1d738437539","1711876213","100000000000","155661","170661","3333200035","55598869"
"0x254FF07D102c9EeAB30530578B7135208b8DDfF7","0xFC6228C062E27FC998649D8e0Ce048C3B83082bA","0x254FF07D102c9EeAB30530578B7135208b8DDfF7","0xfc6228c062e27fc998649d8e0ce048c3b83082ba","0xbc594cabd205bd993e7ffa6f3e9cea75c1110da5","15521930","0x6983d1e6def3690c4d616b13597a09e6193ea013","272960000000000000","0xefe4dd16d2a379d820b79627ed5befabde1d9aa1f7b6d8f0c001b7c46f44a8fe","1711876391","100000000000","188106","188106","3333200035","55598958"
"0x254FF07D102c9EeAB30530578B7135208b8DDfF7","0x0e6dF3A282Aa84F673937a5A15b8633C8fa2DBEE","0x254FF07D102c9EeAB30530578B7135208b8DDfF7","0x0e6df3a282aa84f673937a5a15b8633c8fa2dbee","0xbc594cabd205bd993e7ffa6f3e9cea75c1110da5","840000","0xe176ebe47d621b984a73036b9da5d834411ef734","4800000000000000000","0xc4ff3f3268489946380f102f708b0eb14bb07f877d3c9b7de20f50d646bd272f","1711900912","100000000000","224481","224481","3333200036","55611214"
"0x254FF07D102c9EeAB30530578B7135208b8DDfF7","0x0e6dF3A282Aa84F673937a5A15b8633C8fa2DBEE","0x254FF07D102c9EeAB30530578B7135208b8DDfF7","0x0e6df3a282aa84f673937a5a15b8633c8fa2dbee","0xbc594cabd205bd993e7ffa6f3e9cea75c1110da5","67725000","0x985458e523db3d53125813ed68c274899e9dfab4","387000000","0x52b757c663b8985a709b3023508458472c969f22f32d1f4a6e97543d3bae1adb","1711901550","100000000000","170094","170094","3333200035","55611533"
"0x254FF07D102c9EeAB30530578B7135208b8DDfF7","0x0e6dF3A282Aa84F673937a5A15b8633C8fa2DBEE","0x254FF07D102c9EeAB30530578B7135208b8DDfF7","0x0e6df3a282aa84f673937a5a15b8633c8fa2dbee","0xbc594cabd205bd993e7ffa6f3e9cea75c1110da5","2275000","0x0ab43550a6915f9f67d0c454c2e90385e6497eaa","13000000000000000000","0xfc44421365e31cafa66b264dd9457f905949bb37a68fa0819fdea006feac6847","1711907211","100000000000","206414","206414","3333200035","55614363"
"0x254FF07D102c9EeAB30530578B7135208b8DDfF7","0xb97969883d472969836841EC99d034551B99a759","0x254FF07D102c9EeAB30530578B7135208b8DDfF7","0xb97969883d472969836841ec99d034551b99a759","0xbc594cabd205bd993e7ffa6f3e9cea75c1110da5","111650000","0x6983d1e6def3690c4d616b13597a09e6193ea013","580000000000000000","0xec71ca5c509ea554f3a233d787c19bff932db74cb2e95b5e4eb52c8d310f3c33","1712178325","100000000000","205276","205276","3333200036","55749865"
"0x4064AD4f7513EDa1C4ebd4BAD637284dd8af6eF1","0x2eFe05b6670F30Ddda94F24bb89ADb709a238404","0x4064AD4f7513EDa1C4ebd4BAD637284dd8af6eF1","0x2efe05b6670f30ddda94f24bb89adb709a238404","0xbc594cabd205bd993e7ffa6f3e9cea75c1110da5","1319110000","0x985458e523db3d53125813ed68c274899e9dfab4","7228000000","0x67ba281c71c24b32902f61a21419211817485bade839b964b230a54122d1ff55","1712196378","100000000000","230637","230637","3333200035","55758889"
"0x4064AD4f7513EDa1C4ebd4BAD637284dd8af6eF1","0x2eFe05b6670F30Ddda94F24bb89ADb709a238404","0x4064AD4f7513EDa1C4ebd4BAD637284dd8af6eF1","0x2efe05b6670f30ddda94f24bb89adb709a238404","0xbc594cabd205bd993e7ffa6f3e9cea75c1110da5","1458905000","0x985458e523db3d53125813ed68c274899e9dfab4","7994000000","0xcaafcca2f90053c548be8c2a8613b36bc39f002107506fba58c3aeb2b14a36fe","1712199561","100000000000","185661","185661","3333200035","55760480"
"0x4064AD4f7513EDa1C4ebd4BAD637284dd8af6eF1","0xC15575651C098d5ee41063f86530dB8dC715A33B","0x4064AD4f7513EDa1C4ebd4BAD637284dd8af6eF1","0xc15575651c098d5ee41063f86530db8dc715a33b","0xbc594cabd205bd993e7ffa6f3e9cea75c1110da5","746931124","0xb1f6e61e1e113625593a22fa6aa94f8052bc39e0","18620000000000000000","0x03acc705071ededc49ec4d2748a8b075552e487b38bbe0f630fb46281084ccce","1712203059","100000000000","219878","219878","3333200035","55762229"
"0x4064AD4f7513EDa1C4ebd4BAD637284dd8af6eF1","0x605613863f61E373867f41c3dDcCc4f55007d295","0x4064AD4f7513EDa1C4ebd4BAD637284dd8af6eF1","0x605613863f61e373867f41c3ddccc4f55007d295","0xbc594cabd205bd993e7ffa6f3e9cea75c1110da5","1825000000","0x985458e523db3d53125813ed68c274899e9dfab4","10000000000","0x8ca9d5bfdae02fa830c51bd0fd5085a05bd28b823151f779c02135eba34673a3","1712209647","100000000000","193067","289601","3333200036","55765522"
"0x4064AD4f7513EDa1C4ebd4BAD637284dd8af6eF1","0xAc10e96bE2B2F8DDB168716dE8379DB01e8887c7","0x4064AD4f7513EDa1C4ebd4BAD637284dd8af6eF1","0xac10e96be2b2f8ddb168716de8379db01e8887c7","0xbc594cabd205bd993e7ffa6f3e9cea75c1110da5","52925000","0x985458e523db3d53125813ed68c274899e9dfab4","290000000","0xd6c14032def69050204862124dd61c35cec8ce1b73b98a246d7501545a0797cd","1712213512","100000000000","200050","200050","3333200035","55767454"
"0x4064AD4f7513EDa1C4ebd4BAD637284dd8af6eF1","0xAc10e96bE2B2F8DDB168716dE8379DB01e8887c7","0x4064AD4f7513EDa1C4ebd4BAD637284dd8af6eF1","0xac10e96be2b2f8ddb168716de8379db01e8887c7","0xbc594cabd205bd993e7ffa6f3e9cea75c1110da5","529250000","0x985458e523db3d53125813ed68c274899e9dfab4","2900000000","0xfc8c54ca329c9f7f34e603f5f6996fb4c50495950522580ef391258dd151c9a1","1712214648","100000000000","170657","170657","3333200035","55768022"
"0x4064AD4f7513EDa1C4ebd4BAD637284dd8af6eF1","0x92Aee941aA118F6022784713C7398c7095D8898c","0x4064AD4f7513EDa1C4ebd4BAD637284dd8af6eF1","0x92aee941aa118f6022784713c7398c7095d8898c","0xbc594cabd205bd993e7ffa6f3e9cea75c1110da5","161052949","0x985458e523db3d53125813ed68c274899e9dfab4","900739365","0x25939809e5c57453618bca939fdd148876eb19e0170f4d4ec4400365ef8da882","1712215841","101010500000","183506","183506","3333200036","55768618"
"0x4064AD4f7513EDa1C4ebd4BAD637284dd8af6eF1","0xd592510aD8Bce793d7aE21664494AA39dc9e1E22","0x4064AD4f7513EDa1C4ebd4BAD637284dd8af6eF1","0xd592510ad8bce793d7ae21664494aa39dc9e1e22","0xbc594cabd205bd993e7ffa6f3e9cea75c1110da5","17781","0x3c2b8be99c50593081eaa2a724f0b8285f5aba8f","100000","0x69fb1824147d0c0e9e05f0422cc4c72428f571d3ee7b2355eae82c6d9cf1bb82","1712216207","105000000000","196757","295135","3333200035","55768801"
"0x4064AD4f7513EDa1C4ebd4BAD637284dd8af6eF1","0x92Aee941aA118F6022784713C7398c7095D8898c","0x4064AD4f7513EDa1C4ebd4BAD637284dd8af6eF1","0x92aee941aa118f6022784713c7398c7095d8898c","0xbc594cabd205bd993e7ffa6f3e9cea75c1110da5","160111773","0x985458e523db3d53125813ed68c274899e9dfab4","887524266","0x200522ec73d77188543b2dcdc238c4c1b4fcca3a35a219dd262465ee9c9399ef","1712216261","101010500000","168506","168506","3333200036","55768828"
"0x4064AD4f7513EDa1C4ebd4BAD637284dd8af6eF1","0xAc10e96bE2B2F8DDB168716dE8379DB01e8887c7","0x4064AD4f7513EDa1C4ebd4BAD637284dd8af6eF1","0xac10e96be2b2f8ddb168716de8379db01e8887c7","0xbc594cabd205bd993e7ffa6f3e9cea75c1110da5","1076750000","0x985458e523db3d53125813ed68c274899e9dfab4","5900000000","0xecadab720941831f78b86da7f21ae9906bedd97183b24935803be67ed080bd90","1712216759","100000000000","170649","170649","3333200035","55769077"
"0x4064AD4f7513EDa1C4ebd4BAD637284dd8af6eF1","0xd592510aD8Bce793d7aE21664494AA39dc9e1E22","0x4064AD4f7513EDa1C4ebd4BAD637284dd8af6eF1","0xd592510ad8bce793d7ae21664494aa39dc9e1e22","0xbc594cabd205bd993e7ffa6f3e9cea75c1110da5","8205","0x3c2b8be99c50593081eaa2a724f0b8285f5aba8f","100000","0x095aeaaf2b444c7a11158b4864dad828c7d8ed1dd8a645b80aff8dc07fa75c63","1712217247","100000000000","167919","167919","3333200035","55769321"
"0x4064AD4f7513EDa1C4ebd4BAD637284dd8af6eF1","0xcAB60429AFe0db4bc50aCF1fc0811aDc138b825E","0x4064AD4f7513EDa1C4ebd4BAD637284dd8af6eF1","0xcab60429afe0db4bc50acf1fc0811adc138b825e","0xbc594cabd205bd993e7ffa6f3e9cea75c1110da5","13179","0x3c2b8be99c50593081eaa2a724f0b8285f5aba8f","100000","0x1fa09e96270ace12dec2cabd704146954edb09eec933fc412c8b6fac841026be","1712218285","105000000000","181765","272647","3333200035","55769840"
"0x4064AD4f7513EDa1C4ebd4BAD637284dd8af6eF1","0xd592510aD8Bce793d7aE21664494AA39dc9e1E22","0x4064AD4f7513EDa1C4ebd4BAD637284dd8af6eF1","0xd592510ad8bce793d7ae21664494aa39dc9e1e22","0xbc594cabd205bd993e7ffa6f3e9cea75c1110da5","1275310000","0x3c2b8be99c50593081eaa2a724f0b8285f5aba8f","6988000000","0x2085fce7fa1c417451fd98dbb1cfa7b773104a5754677e8ac72350217c8fc29b","1712219351","100000000000","172418","172418","3333200035","55770373"
"0x4064AD4f7513EDa1C4ebd4BAD637284dd8af6eF1","0x605613863f61E373867f41c3dDcCc4f55007d295","0x4064AD4f7513EDa1C4ebd4BAD637284dd8af6eF1","0x605613863f61e373867f41c3ddccc4f55007d295","0xbc594cabd205bd993e7ffa6f3e9cea75c1110da5","1786789333","0x985458e523db3d53125813ed68c274899e9dfab4","10000000000","0xe6206daa45cd6c8ea6fae1b134f93db481205b48063dbc672b127cbecd5d8b81","1712222332","100000000000","162265","243398","3333200035","55771862"
"0x4064AD4f7513EDa1C4ebd4BAD637284dd8af6eF1","0x92Aee941aA118F6022784713C7398c7095D8898c","0x4064AD4f7513EDa1C4ebd4BAD637284dd8af6eF1","0x92aee941aa118f6022784713c7398c7095d8898c","0xbc594cabd205bd993e7ffa6f3e9cea75c1110da5","161304690","0x985458e523db3d53125813ed68c274899e9dfab4","892531921","0x0e35cc1150d635245be0f0766a1931af710d33ed9dff823c8a1c120082313b67","1712225895","101010500000","168502","168502","3333200036","55773643"
"0x4064AD4f7513EDa1C4ebd4BAD637284dd8af6eF1","0x92Aee941aA118F6022784713C7398c7095D8898c","0x4064AD4f7513EDa1C4ebd4BAD637284dd8af6eF1","0x92aee941aa118f6022784713c7398c7095d8898c","0xbc594cabd205bd993e7ffa6f3e9cea75c1110da5","160197218","0x985458e523db3d53125813ed68c274899e9dfab4","889027800","0x13365a2fcb28c41641e772b313a181ce5bd029f4b19b6a15e52d028c57e33ebe","1712226271","101010500000","168526","168526","3333200036","55773831"
"0x4064AD4f7513EDa1C4ebd4BAD637284dd8af6eF1","0x92Aee941aA118F6022784713C7398c7095D8898c","0x4064AD4f7513EDa1C4ebd4BAD637284dd8af6eF1","0x92aee941aa118f6022784713c7398c7095d8898c","0xbc594cabd205bd993e7ffa6f3e9cea75c1110da5","160455965","0x985458e523db3d53125813ed68c274899e9dfab4","900635881","0xff6e8bb20bb668e24cc5b0f99ae5d279b8fbd3a34481d31e46d043b5d805ce92","1712226613","101010500000","168514","168514","3333200035","55774002"
"0x4064AD4f7513EDa1C4ebd4BAD637284dd8af6eF1","0x92Aee941aA118F6022784713C7398c7095D8898c","0x4064AD4f7513EDa1C4ebd4BAD637284dd8af6eF1","0x92aee941aa118f6022784713c7398c7095d8898c","0xbc594cabd205bd993e7ffa6f3e9cea75c1110da5","160539265","0x985458e523db3d53125813ed68c274899e9dfab4","897505379","0x079d03d76047c22557176ef5721edbda48cf5e67326b597ff60fcd91611fa27e","1712227013","101010500000","168526","168526","3333200035","55774202"
"0x4064AD4f7513EDa1C4ebd4BAD637284dd8af6eF1","0x92Aee941aA118F6022784713C7398c7095D8898c","0x4064AD4f7513EDa1C4ebd4BAD637284dd8af6eF1","0x92aee941aa118f6022784713c7398c7095d8898c","0xbc594cabd205bd993e7ffa6f3e9cea75c1110da5","161137099","0x985458e523db3d53125813ed68c274899e9dfab4","901643277","0xebdebade82a80d41b3cdd20e2bd148a2babf4f05be4d9d9a5234092c800628ba","1712227395","101010500000","168526","168526","3333200035","55774393"
"0x4064AD4f7513EDa1C4ebd4BAD637284dd8af6eF1","0x92Aee941aA118F6022784713C7398c7095D8898c","0x4064AD4f7513EDa1C4ebd4BAD637284dd8af6eF1","0x92aee941aa118f6022784713c7398c7095d8898c","0xbc594cabd205bd993e7ffa6f3e9cea75c1110da5","160852107","0x985458e523db3d53125813ed68c274899e9dfab4","897097094","0x1a2389954779fd2495a0c288633b503aaa9ef994fb5204a7364938ad6a990ef2","1712227794","101010500000","168526","168526","3333200035","55774592"
"0x4064AD4f7513EDa1C4ebd4BAD637284dd8af6eF1","0xAc10e96bE2B2F8DDB168716dE8379DB01e8887c7","0x4064AD4f7513EDa1C4ebd4BAD637284dd8af6eF1","0xac10e96be2b2f8ddb168716de8379db01e8887c7","0xbc594cabd205bd993e7ffa6f3e9cea75c1110da5","559175050","0x985458e523db3d53125813ed68c274899e9dfab4","3127000000","0xf7dca17e329c3f3552ad8e0bad59a47eaedf49f8de1194dbdbca0afca69fe0b0","1712228170","100000000000","169057","169057","3333200035","55774780"
"0x4064AD4f7513EDa1C4ebd4BAD637284dd8af6eF1","0x92Aee941aA118F6022784713C7398c7095D8898c","0x4064AD4f7513EDa1C4ebd4BAD637284dd8af6eF1","0x92aee941aa118f6022784713c7398c7095d8898c","0xbc594cabd205bd993e7ffa6f3e9cea75c1110da5","161761084","0x985458e523db3d53125813ed68c274899e9dfab4","901218938","0x8c120d642a44de8e15db515158fe7a5f0d0d367b8485c74e69a7b51d8477c3c0","1712229526","101010500000","168506","168506","3333200035","55775458"
"0x4064AD4f7513EDa1C4ebd4BAD637284dd8af6eF1","0x92Aee941aA118F6022784713C7398c7095D8898c","0x4064AD4f7513EDa1C4ebd4BAD637284dd8af6eF1","0x92aee941aa118f6022784713c7398c7095d8898c","0xbc594cabd205bd993e7ffa6f3e9cea75c1110da5","161278153","0x985458e523db3d53125813ed68c274899e9dfab4","896190147","0x2401b2f26ccef66a8993f7bc041f71aa31ff343ccc8674916be3017e3197a9bd","1712229924","101010500000","168526","168526","3333200035","55775657"
"0x4064AD4f7513EDa1C4ebd4BAD637284dd8af6eF1","0x92Aee941aA118F6022784713C7398c7095D8898c","0x4064AD4f7513EDa1C4ebd4BAD637284dd8af6eF1","0x92aee941aa118f6022784713c7398c7095d8898c","0xbc594cabd205bd993e7ffa6f3e9cea75c1110da5","161078804","0x985458e523db3d53125813ed68c274899e9dfab4","892958613","0x332e441c14e8bb18ee86473af067b6bf36bad26b56a12563c990da699720a06a","1712230320","101010500000","168506","168506","3333200035","55775855"
"0x4064AD4f7513EDa1C4ebd4BAD637284dd8af6eF1","0xAc10e96bE2B2F8DDB168716dE8379DB01e8887c7","0x4064AD4f7513EDa1C4ebd4BAD637284dd8af6eF1","0xac10e96be2b2f8ddb168716de8379db01e8887c7","0xbc594cabd205bd993e7ffa6f3e9cea75c1110da5","520263475","0xe176ebe47d621b984a73036b9da5d834411ef734","2900000000000000000000","0xc6ae7fefbd4daa7dd30b660c429e000b6fb5fadfaa6eef2bbf54d90d0920f47a","1712230686","100000000000","194638","194638","3333200036","55776038"
"0x4064AD4f7513EDa1C4ebd4BAD637284dd8af6eF1","0xAc10e96bE2B2F8DDB168716dE8379DB01e8887c7","0x4064AD4f7513EDa1C4ebd4BAD637284dd8af6eF1","0xac10e96be2b2f8ddb168716de8379db01e8887c7","0xbc594cabd205bd993e7ffa6f3e9cea75c1110da5","523649564","0xe176ebe47d621b984a73036b9da5d834411ef734","2900000000000000000000","0x58651794480f65c5d605a14e7ad5488ac0e92e944f3c5e7fa5a04f6e4df266e8","1712231959","100000000000","179638","179638","3333200036","55776674"
"0x4064AD4f7513EDa1C4ebd4BAD637284dd8af6eF1","0x92Aee941aA118F6022784713C7398c7095D8898c","0x4064AD4f7513EDa1C4ebd4BAD637284dd8af6eF1","0x92aee941aa118f6022784713c7398c7095d8898c","0xbc594cabd205bd993e7ffa6f3e9cea75c1110da5","160906902","0x985458e523db3d53125813ed68c274899e9dfab4","890345500","0x5eab6950a7ce2bba0b03d60dcf40c024e83be45532e7933abfb870a681d5249c","1712233219","101010500000","168526","168526","3333200035","55777304"
"0x4064AD4f7513EDa1C4ebd4BAD637284dd8af6eF1","0xAc10e96bE2B2F8DDB168716dE8379DB01e8887c7","0x4064AD4f7513EDa1C4ebd4BAD637284dd8af6eF1","0xac10e96be2b2f8ddb168716de8379db01e8887c7","0xbc594cabd205bd993e7ffa6f3e9cea75c1110da5","95291033","0x985458e523db3d53125813ed68c274899e9dfab4","585000000","0xcf359aad0a474e2e6ca3e3023b22b9c70a87d3c47be02ee2afa5eab66007739f","1712233233","100000000000","168494","168494","3333200036","55777311"
"0x4064AD4f7513EDa1C4ebd4BAD637284dd8af6eF1","0xAc10e96bE2B2F8DDB168716dE8379DB01e8887c7","0x4064AD4f7513EDa1C4ebd4BAD637284dd8af6eF1","0xac10e96be2b2f8ddb168716de8379db01e8887c7","0xbc594cabd205bd993e7ffa6f3e9cea75c1110da5","157233573","0x985458e523db3d53125813ed68c274899e9dfab4","873000000","0xbf2e86d76f4828e129aaef3c8d81088afb25615f7668fed5fdafe5ee77d6b043","1712233821","100000000000","168514","168514","3333200035","55777605"
"0x4064AD4f7513EDa1C4ebd4BAD637284dd8af6eF1","0x92Aee941aA118F6022784713C7398c7095D8898c","0x4064AD4f7513EDa1C4ebd4BAD637284dd8af6eF1","0x92aee941aa118f6022784713c7398c7095d8898c","0xbc594cabd205bd993e7ffa6f3e9cea75c1110da5","160395879","0x985458e523db3d53125813ed68c274899e9dfab4","888987612","0xa0d46949d41a109cb8ad67f1d7f478bb011a36025f954f9f276558687a354825","1712234205","101010500000","168514","168514","3333200035","55777797"
"0x4064AD4f7513EDa1C4ebd4BAD637284dd8af6eF1","0x92Aee941aA118F6022784713C7398c7095D8898c","0x4064AD4f7513EDa1C4ebd4BAD637284dd8af6eF1","0x92aee941aa118f6022784713c7398c7095d8898c","0xbc594cabd205bd993e7ffa6f3e9cea75c1110da5","159912425","0x985458e523db3d53125813ed68c274899e9dfab4","883246983","0x0cfafb043621bc765b0a3fc57c36ba3a66d19da897195f3f11b8c87efd7dedff","1712234603","101010500000","168526","168526","3333200036","55777996"
"0x4064AD4f7513EDa1C4ebd4BAD637284dd8af6eF1","0xAc10e96bE2B2F8DDB168716dE8379DB01e8887c7","0x4064AD4f7513EDa1C4ebd4BAD637284dd8af6eF1","0xac10e96be2b2f8ddb168716de8379db01e8887c7","0xbc594cabd205bd993e7ffa6f3e9cea75c1110da5","127399268","0xe176ebe47d621b984a73036b9da5d834411ef734","704000000000000000000","0x580de310f98dfa623cc856d7527d12a5195351dcde3c4e96f36dad2119fd1cf5","1712234985","100000000000","179071","179071","3333200036","55778187"
"0x4064AD4f7513EDa1C4ebd4BAD637284dd8af6eF1","0x92Aee941aA118F6022784713C7398c7095D8898c","0x4064AD4f7513EDa1C4ebd4BAD637284dd8af6eF1","0x92aee941aa118f6022784713c7398c7095d8898c","0xbc594cabd205bd993e7ffa6f3e9cea75c1110da5","159514680","0x985458e523db3d53125813ed68c274899e9dfab4","882813675","0x625211b5d55272ac2c2998c4d2da89882ab2ddad35079b5b8dc9a43c9b16f925","1712235285","101010500000","168526","168526","3333200035","55778337"
"0x4064AD4f7513EDa1C4ebd4BAD637284dd8af6eF1","0x92Aee941aA118F6022784713C7398c7095D8898c","0x4064AD4f7513EDa1C4ebd4BAD637284dd8af6eF1","0x92aee941aa118f6022784713c7398c7095d8898c","0xbc594cabd205bd993e7ffa6f3e9cea75c1110da5","159400812","0x985458e523db3d53125813ed68c274899e9dfab4","881443727","0x19e3b86c7859f714decd22466ce50b73d89bde8ec0cdca7b05922dab26b72586","1712235671","101010500000","168526","168526","3333200035","55778530"
"0x4064AD4f7513EDa1C4ebd4BAD637284dd8af6eF1","0x92Aee941aA118F6022784713C7398c7095D8898c","0x4064AD4f7513EDa1C4ebd4BAD637284dd8af6eF1","0x92aee941aa118f6022784713c7398c7095d8898c","0xbc594cabd205bd993e7ffa6f3e9cea75c1110da5","159058483","0x985458e523db3d53125813ed68c274899e9dfab4","874813282","0x623cc996827684494f68923c71eac009151ab7c896741546b364075928aaa2cb","1712236074","101010500000","168506","168506","3333200036","55778731"
"0x4064AD4f7513EDa1C4ebd4BAD637284dd8af6eF1","0xafaf254AD8708B8Bc0C7dCa51E9e476c03D7626d","0x4064AD4f7513EDa1C4ebd4BAD637284dd8af6eF1","0xafaf254ad8708b8bc0c7dca51e9e476c03d7626d","0xbc594cabd205bd993e7ffa6f3e9cea75c1110da5","1800115308","0x985458e523db3d53125813ed68c274899e9dfab4","10000000000","0x2ccb0f4b3f4e138e8463616e5f007362f0941c41702543dee52c484894dbd38a","1712236418","100000000000","192257","288386","3333200035","55778903"
"0x4064AD4f7513EDa1C4ebd4BAD637284dd8af6eF1","0x92Aee941aA118F6022784713C7398c7095D8898c","0x4064AD4f7513EDa1C4ebd4BAD637284dd8af6eF1","0x92aee941aa118f6022784713c7398c7095d8898c","0xbc594cabd205bd993e7ffa6f3e9cea75c1110da5","157038337","0xe176ebe47d621b984a73036b9da5d834411ef734","862522195534864524028","0xb981bde79e1433cb0288d15b2d9aeb2b740b1010c666c5a52b58462ad9892d7e","1712240009","101010500000","179075","179075","3333200036","55780698"
"0x4064AD4f7513EDa1C4ebd4BAD637284dd8af6eF1","0x92Aee941aA118F6022784713C7398c7095D8898c","0x4064AD4f7513EDa1C4ebd4BAD637284dd8af6eF1","0x92aee941aa118f6022784713c7398c7095d8898c","0xbc594cabd205bd993e7ffa6f3e9cea75c1110da5","157893117","0xe176ebe47d621b984a73036b9da5d834411ef734","866964207974299905095","0x2fa5d9b201dc00180a7535d89d69fc90e487d2eba4caa2750d1de26944fbcfc7","1712240387","101010500000","179107","179107","3333200035","55780887"
"0x4064AD4f7513EDa1C4ebd4BAD637284dd8af6eF1","0x300F3647cF552CfFd2d39b136F7992d7653D8497","0x4064AD4f7513EDa1C4ebd4BAD637284dd8af6eF1","0x300f3647cf552cffd2d39b136f7992d7653d8497","0xbc594cabd205bd993e7ffa6f3e9cea75c1110da5","177764132","0x985458e523db3d53125813ed68c274899e9dfab4","1000000000","0xce382f354b620088b554ad7664ec2468ff21f4b2fa4f2b8b2db0eb7aeed8de04","1712240675","100000000000","199077","199077","3333200035","55781031"
"0x4064AD4f7513EDa1C4ebd4BAD637284dd8af6eF1","0x300F3647cF552CfFd2d39b136F7992d7653D8497","0x4064AD4f7513EDa1C4ebd4BAD637284dd8af6eF1","0x300f3647cf552cffd2d39b136f7992d7653d8497","0xbc594cabd205bd993e7ffa6f3e9cea75c1110da5","178979590","0x985458e523db3d53125813ed68c274899e9dfab4","1000000000","0x867c5e8563141ed5916bd168372511556965af2d2022ea0ac11c52d42d0127e2","1712241127","100000000000","184077","184077","3333200036","55781257"
"0x4064AD4f7513EDa1C4ebd4BAD637284dd8af6eF1","0x300F3647cF552CfFd2d39b136F7992d7653D8497","0x4064AD4f7513EDa1C4ebd4BAD637284dd8af6eF1","0x300f3647cf552cffd2d39b136f7992d7653d8497","0xbc594cabd205bd993e7ffa6f3e9cea75c1110da5","179384438","0x985458e523db3d53125813ed68c274899e9dfab4","1000000000","0x76f7abbd2093412b81b26934801998e0fee7c72aab702d5052447709713fce95","1712241565","100000000000","184065","184065","3333200036","55781476"
"0x4064AD4f7513EDa1C4ebd4BAD637284dd8af6eF1","0x300F3647cF552CfFd2d39b136F7992d7653D8497","0x4064AD4f7513EDa1C4ebd4BAD637284dd8af6eF1","0x300f3647cf552cffd2d39b136f7992d7653d8497","0xbc594cabd205bd993e7ffa6f3e9cea75c1110da5","359485455","0x985458e523db3d53125813ed68c274899e9dfab4","2000000000","0x26d8791c242aa5b0cea990a7873ed4450c6380d847e1beb3cfe7949724346855","1712242003","100000000000","184057","184057","3333200035","55781695"
"0x4064AD4f7513EDa1C4ebd4BAD637284dd8af6eF1","0x300F3647cF552CfFd2d39b136F7992d7653D8497","0x4064AD4f7513EDa1C4ebd4BAD637284dd8af6eF1","0x300f3647cf552cffd2d39b136f7992d7653d8497","0xbc594cabd205bd993e7ffa6f3e9cea75c1110da5","904759501","0x985458e523db3d53125813ed68c274899e9dfab4","5000000000","0x551e1331b803a3231a803b3ee4fbc696b788143485e48979d6b035ef7c9a0205","1712242891","100000000000","184077","184077","3333200035","55782139"
"0x4064AD4f7513EDa1C4ebd4BAD637284dd8af6eF1","0x300F3647cF552CfFd2d39b136F7992d7653D8497","0x4064AD4f7513EDa1C4ebd4BAD637284dd8af6eF1","0x300f3647cf552cffd2d39b136f7992d7653d8497","0xbc594cabd205bd993e7ffa6f3e9cea75c1110da5","908491538","0x985458e523db3d53125813ed68c274899e9dfab4","5000000000","0x36c452c4d543af1b34a25cdba7a7a1c9b29403cfd332abf52dd3ce5438fdcc42","1712245078","100000000000","184077","184077","3333200035","55783232"
"0x4064AD4f7513EDa1C4ebd4BAD637284dd8af6eF1","0x92Aee941aA118F6022784713C7398c7095D8898c","0x4064AD4f7513EDa1C4ebd4BAD637284dd8af6eF1","0x92aee941aa118f6022784713c7398c7095d8898c","0xbc594cabd205bd993e7ffa6f3e9cea75c1110da5","156987408","0xe176ebe47d621b984a73036b9da5d834411ef734","867289280490498229448","0x36c904677ef5afba2976d9cd7d23f7c38467a20ef91777d2a8d031389742574d","1712247244","101010500000","179099","179099","3333200036","55784315"
"0x4064AD4f7513EDa1C4ebd4BAD637284dd8af6eF1","0x92Aee941aA118F6022784713C7398c7095D8898c","0x4064AD4f7513EDa1C4ebd4BAD637284dd8af6eF1","0x92aee941aa118f6022784713c7398c7095d8898c","0xbc594cabd205bd993e7ffa6f3e9cea75c1110da5","156644172","0xe176ebe47d621b984a73036b9da5d834411ef734","864425044251545578472","0x96b6881fc51432d815b211361b8d087afb656cd06553cf3abbc755ddfde38dfc","1712247625","101010500000","179099","179099","3333200036","55784505"
"0x4064AD4f7513EDa1C4ebd4BAD637284dd8af6eF1","0x300F3647cF552CfFd2d39b136F7992d7653D8497","0x4064AD4f7513EDa1C4ebd4BAD637284dd8af6eF1","0x300f3647cf552cffd2d39b136f7992d7653d8497","0xbc594cabd205bd993e7ffa6f3e9cea75c1110da5","362812465","0x985458e523db3d53125813ed68c274899e9dfab4","2000000000","0x6faaa97310508b03a2148de4d08fdbd80c438478393aa4cf2a903b00d7123072","1712248005","100000000000","184077","184077","3333200035","55784695"
"0x4064AD4f7513EDa1C4ebd4BAD637284dd8af6eF1","0x300F3647cF552CfFd2d39b136F7992d7653D8497","0x4064AD4f7513EDa1C4ebd4BAD637284dd8af6eF1","0x300f3647cf552cffd2d39b136f7992d7653d8497","0xbc594cabd205bd993e7ffa6f3e9cea75c1110da5","363890598","0x985458e523db3d53125813ed68c274899e9dfab4","2000000000","0xd74f4114090f8d5e64fe3d7a52f2ace82d29d1f5b335af7156c354759a9d1f3f","1712248887","100000000000","184057","184057","3333200035","55785136"
"0x4064AD4f7513EDa1C4ebd4BAD637284dd8af6eF1","0x92Aee941aA118F6022784713C7398c7095D8898c","0x4064AD4f7513EDa1C4ebd4BAD637284dd8af6eF1","0x92aee941aa118f6022784713c7398c7095d8898c","0xbc594cabd205bd993e7ffa6f3e9cea75c1110da5","156650967","0xe176ebe47d621b984a73036b9da5d834411ef734","858361465424657534246","0x1ca16be0adc02d66df58e3ae6fc8d188c3e51850988b88cdbbf3a6278fec28df","1712249785","101010500000","180687","180687","3333200036","55785585"
"0x4064AD4f7513EDa1C4ebd4BAD637284dd8af6eF1","0x300F3647cF552CfFd2d39b136F7992d7653D8497","0x4064AD4f7513EDa1C4ebd4BAD637284dd8af6eF1","0x300f3647cf552cffd2d39b136f7992d7653d8497","0xbc594cabd205bd993e7ffa6f3e9cea75c1110da5","364428610","0x985458e523db3d53125813ed68c274899e9dfab4","2000000000","0x2275cbca90490cff28804a833cd00c3868db5d20e6bd13f08ec8e3af115bba60","1712250155","100000000000","184057","184057","3333200036","55785770"
"0x4064AD4f7513EDa1C4ebd4BAD637284dd8af6eF1","0x92Aee941aA118F6022784713C7398c7095D8898c","0x4064AD4f7513EDa1C4ebd4BAD637284dd8af6eF1","0x92aee941aa118f6022784713c7398c7095d8898c","0xbc594cabd205bd993e7ffa6f3e9cea75c1110da5","157360180","0xe176ebe47d621b984a73036b9da5d834411ef734","862247564054794520547","0x4ccd0886d52dea43dd7a3a9be6cf3f00ee80cd2162511ee01b77672a12b487cd","1712251067","101010500000","180667","180667","3333200035","55786226"
"0x4064AD4f7513EDa1C4ebd4BAD637284dd8af6eF1","0xfa7bF14F76EDB60a3E3b12536eF5e0e1ac13965E","0x4064AD4f7513EDa1C4ebd4BAD637284dd8af6eF1","0xfa7bf14f76edb60a3e3b12536ef5e0e1ac13965e","0xbc594cabd205bd993e7ffa6f3e9cea75c1110da5","133795932","0x3095c7557bcb296ccc6e363de01b760ba031f2d9","3674000","0xc7ac90f3a5ad0525b45372b1fe506cd95677377ae76cb2aa60527e4fa27335cf","1712251436","100000000000","212320","212320","3333200035","55786410"
"0x4064AD4f7513EDa1C4ebd4BAD637284dd8af6eF1","0xd592510aD8Bce793d7aE21664494AA39dc9e1E22","0x4064AD4f7513EDa1C4ebd4BAD637284dd8af6eF1","0xd592510ad8bce793d7ae21664494aa39dc9e1e22","0xbc594cabd205bd993e7ffa6f3e9cea75c1110da5","1221538174","0x3c2b8be99c50593081eaa2a724f0b8285f5aba8f","6700000000","0x3a030ff94ba2d544df7f7cb783d5ba45373e0fe03ec3c07b9b0e189871957e69","1712251762","100000000000","170794","170794","3333200036","55786573"
"0x4064AD4f7513EDa1C4ebd4BAD637284dd8af6eF1","0x92Aee941aA118F6022784713C7398c7095D8898c","0x4064AD4f7513EDa1C4ebd4BAD637284dd8af6eF1","0x92aee941aa118f6022784713c7398c7095d8898c","0xbc594cabd205bd993e7ffa6f3e9cea75c1110da5","155414878","0x6983d1e6def3690c4d616b13597a09e6193ea013","776508971596141983","0xbf6bbc334c1c9bcc72d01cc96774c5185a408bc87862ee637d9eb119e9ae5b8e","1712254686","101010500000","188732","188732","3333200035","55788035"
"0x4064AD4f7513EDa1C4ebd4BAD637284dd8af6eF1","0x92Aee941aA118F6022784713C7398c7095D8898c","0x4064AD4f7513EDa1C4ebd4BAD637284dd8af6eF1","0x92aee941aa118f6022784713c7398c7095d8898c","0xbc594cabd205bd993e7ffa6f3e9cea75c1110da5","155816391","0x6983d1e6def3690c4d616b13597a09e6193ea013","779129745994321077","0x34ea6521e46e9caf3d43edc7411732f87985332fc45630eb0b4c973f521b4125","1712255056","101010500000","173732","173732","3333200035","55788220"
"0x4064AD4f7513EDa1C4ebd4BAD637284dd8af6eF1","0x92Aee941aA118F6022784713C7398c7095D8898c","0x4064AD4f7513EDa1C4ebd4BAD637284dd8af6eF1","0x92aee941aa118f6022784713c7398c7095d8898c","0xbc594cabd205bd993e7ffa6f3e9cea75c1110da5","155989911","0x6983d1e6def3690c4d616b13597a09e6193ea013","780194665530932610","0x2fd67bbda7089df569c27197d978caafb232ae16eb4535dbfd23720879f06d22","1712255429","101010500000","173732","173732","3333200036","55788406"
"0x4064AD4f7513EDa1C4ebd4BAD637284dd8af6eF1","0x92Aee941aA118F6022784713C7398c7095D8898c","0x4064AD4f7513EDa1C4ebd4BAD637284dd8af6eF1","0x92aee941aa118f6022784713c7398c7095d8898c","0xbc594cabd205bd993e7ffa6f3e9cea75c1110da5","156955862","0x6983d1e6def3690c4d616b13597a09e6193ea013","784689949421445151","0x2870c81056cc52fb41cae7bf2b4f0f1683d647a2fe651a24646bc54566749fb7","1712255805","101010500000","173740","173740","3333200035","55788594"
"0x4064AD4f7513EDa1C4ebd4BAD637284dd8af6eF1","0x92Aee941aA118F6022784713C7398c7095D8898c","0x4064AD4f7513EDa1C4ebd4BAD637284dd8af6eF1","0x92aee941aa118f6022784713c7398c7095d8898c","0xbc594cabd205bd993e7ffa6f3e9cea75c1110da5","156168702","0x6983d1e6def3690c4d616b13597a09e6193ea013","777926289414694894","0x1db8823bc1b5e1717916261bfe9f1e13196109db75973b94500f07da729dbe47","1712256683","101010500000","175288","175288","3333200036","55789033"
"0x4064AD4f7513EDa1C4ebd4BAD637284dd8af6eF1","0x300F3647cF552CfFd2d39b136F7992d7653D8497","0x4064AD4f7513EDa1C4ebd4BAD637284dd8af6eF1","0x300f3647cf552cffd2d39b136f7992d7653d8497","0xbc594cabd205bd993e7ffa6f3e9cea75c1110da5","365000000","0x985458e523db3d53125813ed68c274899e9dfab4","2000000000","0x46e33aa5b4a8306d31db175b4cdf2cf8ae0e02c4e3b1ed5ecf91ed1077f0c57c","1712257079","100000000000","185637","185637","3333200036","55789231"
"0x4064AD4f7513EDa1C4ebd4BAD637284dd8af6eF1","0x92Aee941aA118F6022784713C7398c7095D8898c","0x4064AD4f7513EDa1C4ebd4BAD637284dd8af6eF1","0x92aee941aa118f6022784713c7398c7095d8898c","0xbc594cabd205bd993e7ffa6f3e9cea75c1110da5","157239355","0x6983d1e6def3690c4d616b13597a09e6193ea013","784083022531137167","0xb309c14308a5dafb6dfb63bf998023cae60ec3a653e05dbd7a73a10efcde3e0d","1712257951","101010500000","173752","173752","3333200035","55789667"
"0x4064AD4f7513EDa1C4ebd4BAD637284dd8af6eF1","0x92Aee941aA118F6022784713C7398c7095D8898c","0x4064AD4f7513EDa1C4ebd4BAD637284dd8af6eF1","0x92aee941aa118f6022784713c7398c7095d8898c","0xbc594cabd205bd993e7ffa6f3e9cea75c1110da5","157360180","0x6983d1e6def3690c4d616b13597a09e6193ea013","783861421867995018","0xe4560e8c19784ce97ef081329a9f9ed25874c9b463b736ebf53c29d7f12f9345","1712258341","101010500000","175300","175300","3333200035","55789862"
"0x4064AD4f7513EDa1C4ebd4BAD637284dd8af6eF1","0x92Aee941aA118F6022784713C7398c7095D8898c","0x4064AD4f7513EDa1C4ebd4BAD637284dd8af6eF1","0x92aee941aa118f6022784713c7398c7095d8898c","0xbc594cabd205bd993e7ffa6f3e9cea75c1110da5","157003264","0x6983d1e6def3690c4d616b13597a09e6193ea013","782083508770364701","0x2afee290d80cb2da097c3c379108ad6b8a5a4efd6317b5823f38716e97867d0e","1712258725","101010500000","175312","175312","3333200036","55790054"
"0x4064AD4f7513EDa1C4ebd4BAD637284dd8af6eF1","0x300F3647cF552CfFd2d39b136F7992d7653D8497","0x4064AD4f7513EDa1C4ebd4BAD637284dd8af6eF1","0x300f3647cf552cffd2d39b136f7992d7653d8497","0xbc594cabd205bd993e7ffa6f3e9cea75c1110da5","36500000","0x985458e523db3d53125813ed68c274899e9dfab4","200000000","0x9d902a732f68516f28f50b9c5732abcc12dee2e067f440d9043f33ad7f345d07","1712259121","100000000000","185062","185062","3333200036","55790252"
"0x4064AD4f7513EDa1C4ebd4BAD637284dd8af6eF1","0x300F3647cF552CfFd2d39b136F7992d7653D8497","0x4064AD4f7513EDa1C4ebd4BAD637284dd8af6eF1","0x300f3647cf552cffd2d39b136f7992d7653d8497","0xbc594cabd205bd993e7ffa6f3e9cea75c1110da5","36500000","0x985458e523db3d53125813ed68c274899e9dfab4","200000000","0x3e5d60b988ac3a166eb838bd17eb281e151540c2c9d1bafd7761b901a6df7f3d","1712259221","100000000000","180882","183502","3333200036","55790302"
"0x4064AD4f7513EDa1C4ebd4BAD637284dd8af6eF1","0x300F3647cF552CfFd2d39b136F7992d7653D8497","0x4064AD4f7513EDa1C4ebd4BAD637284dd8af6eF1","0x300f3647cf552cffd2d39b136f7992d7653d8497","0xbc594cabd205bd993e7ffa6f3e9cea75c1110da5","36500000","0x985458e523db3d53125813ed68c274899e9dfab4","200000000","0xca08d92b508e6b78fc0999823efa3d11ec94d31425574ce19bc57d0131674036","1712259324","100000000000","180882","183502","3333200035","55790353"
"0x4064AD4f7513EDa1C4ebd4BAD637284dd8af6eF1","0x300F3647cF552CfFd2d39b136F7992d7653D8497","0x4064AD4f7513EDa1C4ebd4BAD637284dd8af6eF1","0x300f3647cf552cffd2d39b136f7992d7653d8497","0xbc594cabd205bd993e7ffa6f3e9cea75c1110da5","36500000","0x985458e523db3d53125813ed68c274899e9dfab4","200000000","0xb60c3712961f7ae3ce0237809f5b4d9caafc9e107d2e47b15dfe3e837673c96e","1712260472","100000000000","180862","180862","3333200036","55790927"
"0x4064AD4f7513EDa1C4ebd4BAD637284dd8af6eF1","0x300F3647cF552CfFd2d39b136F7992d7653D8497","0x4064AD4f7513EDa1C4ebd4BAD637284dd8af6eF1","0x300f3647cf552cffd2d39b136f7992d7653d8497","0xbc594cabd205bd993e7ffa6f3e9cea75c1110da5","36500000","0x985458e523db3d53125813ed68c274899e9dfab4","200000000","0x6d87fa17008dbe8d665000f3be93651512d3ee3e166c39c6610b9cd89e64a389","1712260582","100000000000","180882","180882","3333200036","55790982"
"0x4064AD4f7513EDa1C4ebd4BAD637284dd8af6eF1","0x236440981a5107bEbA360bAdEf2E6f1b8f2ef90c","0x4064AD4f7513EDa1C4ebd4BAD637284dd8af6eF1","0x236440981a5107beba360badef2e6f1b8f2ef90c","0xbc594cabd205bd993e7ffa6f3e9cea75c1110da5","158466552","0x985458e523db3d53125813ed68c274899e9dfab4","868309877","0x1ea04b3aaea82862531555cc48fd5774638c1113c6314d10e2a44a7a96478752","1712261090","101010500000","185074","185074","3333200035","55791236"
"0x4064AD4f7513EDa1C4ebd4BAD637284dd8af6eF1","0x236440981a5107bEbA360bAdEf2E6f1b8f2ef90c","0x4064AD4f7513EDa1C4ebd4BAD637284dd8af6eF1","0x236440981a5107beba360badef2e6f1b8f2ef90c","0xbc594cabd205bd993e7ffa6f3e9cea75c1110da5","160083558","0x985458e523db3d53125813ed68c274899e9dfab4","877170182","0x2eddf0b62402987a75a7bde752c657a42da8d4f1c5c6ef7dffc819d13946cb87","1712261494","101010500000","170074","170074","3333200035","55791438"
"0x4064AD4f7513EDa1C4ebd4BAD637284dd8af6eF1","0x236440981a5107bEbA360bAdEf2E6f1b8f2ef90c","0x4064AD4f7513EDa1C4ebd4BAD637284dd8af6eF1","0x236440981a5107beba360badef2e6f1b8f2ef90c","0xbc594cabd205bd993e7ffa6f3e9cea75c1110da5","160650928","0x985458e523db3d53125813ed68c274899e9dfab4","880279061","0x03cb1b366e2261a94f237ddf144cb6f11ccb1badd64586e7c6bb5b81f4cd9991","1712261890","101010500000","170074","170074","3333200036","55791636"
"0x4064AD4f7513EDa1C4ebd4BAD637284dd8af6eF1","0x236440981a5107bEbA360bAdEf2E6f1b8f2ef90c","0x4064AD4f7513EDa1C4ebd4BAD637284dd8af6eF1","0x236440981a5107beba360badef2e6f1b8f2ef90c","0xbc594cabd205bd993e7ffa6f3e9cea75c1110da5","161048087","0x985458e523db3d53125813ed68c274899e9dfab4","882455276","0x8e8adea51f0605f1acfcab224b5c3db8d0cdf55672356facb400d7457885d9db","1712262285","101010500000","170094","170094","3333200035","55791833"
"0x4064AD4f7513EDa1C4ebd4BAD637284dd8af6eF1","0x236440981a5107bEbA360bAdEf2E6f1b8f2ef90c","0x4064AD4f7513EDa1C4ebd4BAD637284dd8af6eF1","0x236440981a5107beba360badef2e6f1b8f2ef90c","0xbc594cabd205bd993e7ffa6f3e9cea75c1110da5","159516187","0x6983d1e6def3690c4d616b13597a09e6193ea013","794601185354919053","0x0a04425423dda3ac963c0fcbb5c8b33285efe16084e593c68c3877272c33e06c","1712262693","101010500000","175300","175300","3333200035","55792037"
"0x4064AD4f7513EDa1C4ebd4BAD637284dd8af6eF1","0x236440981a5107bEbA360bAdEf2E6f1b8f2ef90c","0x4064AD4f7513EDa1C4ebd4BAD637284dd8af6eF1","0x236440981a5107beba360badef2e6f1b8f2ef90c","0xbc594cabd205bd993e7ffa6f3e9cea75c1110da5","159090660","0x6983d1e6def3690c4d616b13597a09e6193ea013","792481495193026151","0x8d4f9df1c5ba2878ca37756fb92df9b3074e7d3938a59f1839459cf27db1e40d","1712263085","101010500000","175320","175320","3333200036","55792233"
"0x4064AD4f7513EDa1C4ebd4BAD637284dd8af6eF1","0x72528A695ab77bDF16c3bF37f524062baF8Dc238","0x4064AD4f7513EDa1C4ebd4BAD637284dd8af6eF1","0x72528a695ab77bdf16c3bf37f524062baf8dc238","0xbc594cabd205bd993e7ffa6f3e9cea75c1110da5","1767587","0x985458e523db3d53125813ed68c274899e9dfab4","10000000","0xa774930e926df93a70e47a801684a8f07f4fc4a34641b442d86bb59b6205e1df","1712263347","100000000000","182907","182907","3333200035","55792364"
"0x4064AD4f7513EDa1C4ebd4BAD637284dd8af6eF1","0x236440981a5107bEbA360bAdEf2E6f1b8f2ef90c","0x4064AD4f7513EDa1C4ebd4BAD637284dd8af6eF1","0x236440981a5107beba360badef2e6f1b8f2ef90c","0xbc594cabd205bd993e7ffa6f3e9cea75c1110da5","159856604","0x3095c7557bcb296ccc6e363de01b760ba031f2d9","4379633","0xaace53820b5cb0ac207d7a696140d4a1a532ae2bbdf63687d91085339d5d5d1d","1712263485","101010500000","168920","168920","3333200036","55792433"
"0x4064AD4f7513EDa1C4ebd4BAD637284dd8af6eF1","0x300F3647cF552CfFd2d39b136F7992d7653D8497","0x4064AD4f7513EDa1C4ebd4BAD637284dd8af6eF1","0x300f3647cf552cffd2d39b136f7992d7653d8497","0xbc594cabd205bd993e7ffa6f3e9cea75c1110da5","36500000","0x985458e523db3d53125813ed68c274899e9dfab4","200000000","0x75d2d9ddf3ea70bbda1bbf2dfe803194a12805a6590331e2eea24f17e4bde11c","1712263903","100000000000","185058","185058","3333200036","55792642"
"0x4064AD4f7513EDa1C4ebd4BAD637284dd8af6eF1","0xfa7bF14F76EDB60a3E3b12536eF5e0e1ac13965E","0x4064AD4f7513EDa1C4ebd4BAD637284dd8af6eF1","0xfa7bf14f76edb60a3e3b12536ef5e0e1ac13965e","0xbc594cabd205bd993e7ffa6f3e9cea75c1110da5","912500000","0x985458e523db3d53125813ed68c274899e9dfab4","5000000000","0x023bec26ab8210d1f83ca9df77f4a807f46b46fe446a8785d21b881c8bd7dc60","1712264405","100000000000","185637","185637","3333200035","55792893"
"0x4064AD4f7513EDa1C4ebd4BAD637284dd8af6eF1","0xC15575651C098d5ee41063f86530dB8dC715A33B","0x4064AD4f7513EDa1C4ebd4BAD637284dd8af6eF1","0xc15575651c098d5ee41063f86530db8dc715a33b","0xbc594cabd205bd993e7ffa6f3e9cea75c1110da5","182500000","0x985458e523db3d53125813ed68c274899e9dfab4","1000000000","0x7aff3dbc04bf6da1939414d4fd55eb0f8bce64ee620b47a50026db704627be5a","1712287761","100000000000","185637","185637","3333200035","55804567"
"0x4064AD4f7513EDa1C4ebd4BAD637284dd8af6eF1","0xafaf254AD8708B8Bc0C7dCa51E9e476c03D7626d","0x4064AD4f7513EDa1C4ebd4BAD637284dd8af6eF1","0xafaf254ad8708b8bc0c7dca51e9e476c03d7626d","0xbc594cabd205bd993e7ffa6f3e9cea75c1110da5","2737500000","0x985458e523db3d53125813ed68c274899e9dfab4","15000000000","0x03ed94d47fb1660c4c3858a3921608f7de5a8725536de075507725a6786aa24c","1712296573","100000000000","178067","267101","3333200035","55808972"
"0x4064AD4f7513EDa1C4ebd4BAD637284dd8af6eF1","0xd592510aD8Bce793d7aE21664494AA39dc9e1E22","0x4064AD4f7513EDa1C4ebd4BAD637284dd8af6eF1","0xd592510ad8bce793d7ae21664494aa39dc9e1e22","0xbc594cabd205bd993e7ffa6f3e9cea75c1110da5","10950000","0x3c2b8be99c50593081eaa2a724f0b8285f5aba8f","60000000","0x5d9246e635f849c1071fe35c30334c4b8ad32c8a9e9964969762588d8057d47e","1712300492","100000000000","184487","276730","3333200035","55810931"
"0x4064AD4f7513EDa1C4ebd4BAD637284dd8af6eF1","0x236440981a5107bEbA360bAdEf2E6f1b8f2ef90c","0x4064AD4f7513EDa1C4ebd4BAD637284dd8af6eF1","0x236440981a5107beba360badef2e6f1b8f2ef90c","0xbc594cabd205bd993e7ffa6f3e9cea75c1110da5","169161484","0x6983d1e6def3690c4d616b13597a09e6193ea013","842647495691158156","0xb04447123186b6defb746b89299641e333fcfb1aa682a5d1726dec1d47afd985","1712310713","101010500000","175300","175300","3333200036","55816040"
"0x4064AD4f7513EDa1C4ebd4BAD637284dd8af6eF1","0x236440981a5107bEbA360bAdEf2E6f1b8f2ef90c","0x4064AD4f7513EDa1C4ebd4BAD637284dd8af6eF1","0x236440981a5107beba360badef2e6f1b8f2ef90c","0xbc594cabd205bd993e7ffa6f3e9cea75c1110da5","168480640","0x6983d1e6def3690c4d616b13597a09e6193ea013","839255991432129514","0x4c39dceb48e6678c0f2adc6eab280db88d90eb68909641fd5ef495de23ea06aa","1712311131","101010500000","175300","175300","3333200035","55816249"
"0x4064AD4f7513EDa1C4ebd4BAD637284dd8af6eF1","0x236440981a5107bEbA360bAdEf2E6f1b8f2ef90c","0x4064AD4f7513EDa1C4ebd4BAD637284dd8af6eF1","0x236440981a5107beba360badef2e6f1b8f2ef90c","0xbc594cabd205bd993e7ffa6f3e9cea75c1110da5","167970006","0x6983d1e6def3690c4d616b13597a09e6193ea013","836712363237858032","0xab5cb12d05cd3a3d5ab26a382eed231102acc9932528926f996156ab87984d7f","1712312271","101010500000","175320","175320","3333200036","55816819"
"0x4064AD4f7513EDa1C4ebd4BAD637284dd8af6eF1","0x236440981a5107bEbA360bAdEf2E6f1b8f2ef90c","0x4064AD4f7513EDa1C4ebd4BAD637284dd8af6eF1","0x236440981a5107beba360badef2e6f1b8f2ef90c","0xbc594cabd205bd993e7ffa6f3e9cea75c1110da5","163431043","0x6983d1e6def3690c4d616b13597a09e6193ea013","814102334844333748","0xa007d357506f9b6972fd6e403eeffb16dac6695af5eafee119bee2a8be6c0450","1712391383","101010500000","175288","175288","3333200035","55856364"
"0x4064AD4f7513EDa1C4ebd4BAD637284dd8af6eF1","0x236440981a5107bEbA360bAdEf2E6f1b8f2ef90c","0x4064AD4f7513EDa1C4ebd4BAD637284dd8af6eF1","0x236440981a5107beba360badef2e6f1b8f2ef90c","0xbc594cabd205bd993e7ffa6f3e9cea75c1110da5","162721830","0x6983d1e6def3690c4d616b13597a09e6193ea013","810569517907845579","0x1c05877a6cc0e0732f38b638bbc1124f79926ed239f5d086c8070d2cec6ca40b","1712392619","101010500000","175300","175300","3333200036","55856982"
"0x4064AD4f7513EDa1C4ebd4BAD637284dd8af6eF1","0x838B15386DB3c7969A58EA523F8A4E86351D499B","0x4064AD4f7513EDa1C4ebd4BAD637284dd8af6eF1","0x838b15386db3c7969a58ea523f8a4e86351d499b","0xbc594cabd205bd993e7ffa6f3e9cea75c1110da5","91250000","0x3c2b8be99c50593081eaa2a724f0b8285f5aba8f","500000000","0x5d9a8deb87b4f5d3652cca8b1ef5b767cdbd77b4b2b5ea1a416353a2dcb86b20","1712409115","100000000000","185082","185082","3333200036","55865228"
"0x4064AD4f7513EDa1C4ebd4BAD637284dd8af6eF1","0x838B15386DB3c7969A58EA523F8A4E86351D499B","0x4064AD4f7513EDa1C4ebd4BAD637284dd8af6eF1","0x838b15386db3c7969a58ea523f8a4e86351d499b","0xbc594cabd205bd993e7ffa6f3e9cea75c1110da5","182500000","0x3c2b8be99c50593081eaa2a724f0b8285f5aba8f","1000000000","0x68b5599d5e60955020e363b35ec196581de10c70693aecda9e6f8b64cc790459","1712409775","100000000000","170657","170657","3333200035","55865558"
"0x4064AD4f7513EDa1C4ebd4BAD637284dd8af6eF1","0x838B15386DB3c7969A58EA523F8A4E86351D499B","0x4064AD4f7513EDa1C4ebd4BAD637284dd8af6eF1","0x838b15386db3c7969a58ea523f8a4e86351d499b","0xbc594cabd205bd993e7ffa6f3e9cea75c1110da5","585916250","0x3c2b8be99c50593081eaa2a724f0b8285f5aba8f","3210500000","0x399f13aafb985d03492d8341bc9baadf037526a3acb3ba90c326e4abd0462257","1712410307","100000000000","170637","170637","3333200036","55865824"
"0x4064AD4f7513EDa1C4ebd4BAD637284dd8af6eF1","0x1737A9D297E00c04184F14C78f312c28d03d4686","0x4064AD4f7513EDa1C4ebd4BAD637284dd8af6eF1","0x1737a9d297e00c04184f14c78f312c28d03d4686","0xbc594cabd205bd993e7ffa6f3e9cea75c1110da5","404420000","0x985458e523db3d53125813ed68c274899e9dfab4","2216000000","0x08e943938b6df79bd45a53989a22509a7c679a258fbec184d7f45513cfc8259e","1712414024","100000000000","200637","200637","3333200036","55867682"
"0x4064AD4f7513EDa1C4ebd4BAD637284dd8af6eF1","0x236440981a5107bEbA360bAdEf2E6f1b8f2ef90c","0x4064AD4f7513EDa1C4ebd4BAD637284dd8af6eF1","0x236440981a5107beba360badef2e6f1b8f2ef90c","0xbc594cabd205bd993e7ffa6f3e9cea75c1110da5","161814037","0x6983d1e6def3690c4d616b13597a09e6193ea013","806047512229140722","0x2b2faa8c594385227988890e2a2c5e62970ccc0d2cf713a8cd05ad3ad62d7930","1712469892","101010500000","175300","175300","3333200036","55895608"
"0x4064AD4f7513EDa1C4ebd4BAD637284dd8af6eF1","0x68ED1d70b708A18E8d8398C5669aF7cD5AC629F6","0x4064AD4f7513EDa1C4ebd4BAD637284dd8af6eF1","0x68ed1d70b708a18e8d8398c5669af7cd5ac629f6","0xbc594cabd205bd993e7ffa6f3e9cea75c1110da5","15300","0x985458e523db3d53125813ed68c274899e9dfab4","83840","0x013b2375771fd5d020619b8caa8232ed654c4f1846ba6bee1f29d28a302b5ef2","1712493402","100000000000","197770","197770","3333200036","55907359"
"0x4064AD4f7513EDa1C4ebd4BAD637284dd8af6eF1","0x68ED1d70b708A18E8d8398C5669aF7cD5AC629F6","0x4064AD4f7513EDa1C4ebd4BAD637284dd8af6eF1","0x68ed1d70b708a18e8d8398c5669af7cd5ac629f6","0xbc594cabd205bd993e7ffa6f3e9cea75c1110da5","18547","0x3c2b8be99c50593081eaa2a724f0b8285f5aba8f","101630","0xefd35b72fdac531f420a265f4cf3cbe083475a981f6c6b3340b922136c005352","1712493686","100000000000","168345","168345","3333200036","55907501"
"0x4064AD4f7513EDa1C4ebd4BAD637284dd8af6eF1","0x68ED1d70b708A18E8d8398C5669aF7cD5AC629F6","0x4064AD4f7513EDa1C4ebd4BAD637284dd8af6eF1","0x68ed1d70b708a18e8d8398c5669af7cd5ac629f6","0xbc594cabd205bd993e7ffa6f3e9cea75c1110da5","8497","0xef977d2f931c1978db5f6747666fa1eacb0d0339","46561000000000000","0x52ec9b9fe336f5c5b266fd9dc4e33267a28acf52b6f0134d03f7ba42b09d6b0d","1712493878","100000000000","189718","189718","3333200036","55907597"
"0x4064AD4f7513EDa1C4ebd4BAD637284dd8af6eF1","0x236440981a5107bEbA360bAdEf2E6f1b8f2ef90c","0x4064AD4f7513EDa1C4ebd4BAD637284dd8af6eF1","0x236440981a5107beba360badef2e6f1b8f2ef90c","0xbc594cabd205bd993e7ffa6f3e9cea75c1110da5","161161552","0x3095c7557bcb296ccc6e363de01b760ba031f2d9","4415385","0x1b2ef894b7960e123ffdc08760a4d1cd3a3cd3bc4065593f3ff3dfea6de13dab","1712500674","101010500000","168920","168920","3333200035","55910994"
"0x4064AD4f7513EDa1C4ebd4BAD637284dd8af6eF1","0x236440981a5107bEbA360bAdEf2E6f1b8f2ef90c","0x4064AD4f7513EDa1C4ebd4BAD637284dd8af6eF1","0x236440981a5107beba360badef2e6f1b8f2ef90c","0xbc594cabd205bd993e7ffa6f3e9cea75c1110da5","159743126","0x3095c7557bcb296ccc6e363de01b760ba031f2d9","4376524","0x9e2221190afc29171dfaa95b3306e09069a41deb9d36d0db510cbbeb59d1a34b","1712510209","101010500000","168912","168912","3333200035","55915760"
"0x4064AD4f7513EDa1C4ebd4BAD637284dd8af6eF1","0x236440981a5107bEbA360bAdEf2E6f1b8f2ef90c","0x4064AD4f7513EDa1C4ebd4BAD637284dd8af6eF1","0x236440981a5107beba360badef2e6f1b8f2ef90c","0xbc594cabd205bd993e7ffa6f3e9cea75c1110da5","159572890","0x3095c7557bcb296ccc6e363de01b760ba031f2d9","4371860","0xf0351dd1552a06d653981b84652466f7e7ef94b1b7430e86c4bcf6b6e294869d","1712510609","101010500000","168932","168932","3333200036","55915960"
"0x4064AD4f7513EDa1C4ebd4BAD637284dd8af6eF1","0x236440981a5107bEbA360bAdEf2E6f1b8f2ef90c","0x4064AD4f7513EDa1C4ebd4BAD637284dd8af6eF1","0x236440981a5107beba360badef2e6f1b8f2ef90c","0xbc594cabd205bd993e7ffa6f3e9cea75c1110da5","160140282","0x3095c7557bcb296ccc6e363de01b760ba031f2d9","4387405","0xf431822c136aa67a60c50f9e0c4897c98d71f555aeae4c0e0c429bdb86b83867","1712511127","101010500000","168900","168900","3333200036","55916219"
"0x4064AD4f7513EDa1C4ebd4BAD637284dd8af6eF1","0x300F3647cF552CfFd2d39b136F7992d7653D8497","0x4064AD4f7513EDa1C4ebd4BAD637284dd8af6eF1","0x300f3647cf552cffd2d39b136f7992d7653d8497","0xbc594cabd205bd993e7ffa6f3e9cea75c1110da5","182500000","0x985458e523db3d53125813ed68c274899e9dfab4","1000000000","0x5fbc864779f2d27910031bf7d45a145fa7bc80f55ebe6635972764b40afc6269","1712515024","100000000000","185637","185637","3333200035","55918167"
"0x4064AD4f7513EDa1C4ebd4BAD637284dd8af6eF1","0x300F3647cF552CfFd2d39b136F7992d7653D8497","0x4064AD4f7513EDa1C4ebd4BAD637284dd8af6eF1","0x300f3647cf552cffd2d39b136f7992d7653d8497","0xbc594cabd205bd993e7ffa6f3e9cea75c1110da5","18250000","0x985458e523db3d53125813ed68c274899e9dfab4","100000000","0xb6322830b93bd74a37c3900156ad55c1a3f56a1b91207f9fe0e47b28a4f7efdb","1712518987","100000000000","185082","185082","3333200035","55920148"
"0x4064AD4f7513EDa1C4ebd4BAD637284dd8af6eF1","0x300F3647cF552CfFd2d39b136F7992d7653D8497","0x4064AD4f7513EDa1C4ebd4BAD637284dd8af6eF1","0x300f3647cf552cffd2d39b136f7992d7653d8497","0xbc594cabd205bd993e7ffa6f3e9cea75c1110da5","36500000","0x985458e523db3d53125813ed68c274899e9dfab4","200000000","0x459ccdcfeed7f2676a09f818e7db65d362b083270a82ad949a6a8d19099d9d39","1712519369","100000000000","185062","185062","3333200035","55920339"
"0x4064AD4f7513EDa1C4ebd4BAD637284dd8af6eF1","0x300F3647cF552CfFd2d39b136F7992d7653D8497","0x4064AD4f7513EDa1C4ebd4BAD637284dd8af6eF1","0x300f3647cf552cffd2d39b136f7992d7653d8497","0xbc594cabd205bd993e7ffa6f3e9cea75c1110da5","36500000","0x985458e523db3d53125813ed68c274899e9dfab4","200000000","0x9be58eb886c6b527b251a47eac9ba63ba651052b2be27bd9791391edac56a3fd","1712519501","100000000000","180882","180882","3333200036","55920405"
"0x4064AD4f7513EDa1C4ebd4BAD637284dd8af6eF1","0x236440981a5107bEbA360bAdEf2E6f1b8f2ef90c","0x4064AD4f7513EDa1C4ebd4BAD637284dd8af6eF1","0x236440981a5107beba360badef2e6f1b8f2ef90c","0xbc594cabd205bd993e7ffa6f3e9cea75c1110da5","161643790","0x3095c7557bcb296ccc6e363de01b760ba031f2d9","4428597","0x62416a61fedb6a98626cf5980457744d85fada883b7f1fe07c52fccbbccff4a6","1712520531","101010500000","168912","168912","3333200035","55920920"
"0x4064AD4f7513EDa1C4ebd4BAD637284dd8af6eF1","0x300F3647cF552CfFd2d39b136F7992d7653D8497","0x4064AD4f7513EDa1C4ebd4BAD637284dd8af6eF1","0x300f3647cf552cffd2d39b136f7992d7653d8497","0xbc594cabd205bd993e7ffa6f3e9cea75c1110da5","182500000","0x985458e523db3d53125813ed68c274899e9dfab4","1000000000","0xd4567b35734001b2a3aa4278dc90ce68e72496601d5e35bb0d797f35e44800bb","1712527309","100000000000","185657","185657","3333200036","55924308"
"0x4064AD4f7513EDa1C4ebd4BAD637284dd8af6eF1","0x236440981a5107bEbA360bAdEf2E6f1b8f2ef90c","0x4064AD4f7513EDa1C4ebd4BAD637284dd8af6eF1","0x236440981a5107beba360badef2e6f1b8f2ef90c","0xbc594cabd205bd993e7ffa6f3e9cea75c1110da5","163033884","0x6983d1e6def3690c4d616b13597a09e6193ea013","812123957359900373","0x4f6277387dd569412233c3fc77c662cbdf6757d57af429359d86f81d956df7c4","1712527757","101010500000","175288","175288","3333200035","55924532"
"0x4064AD4f7513EDa1C4ebd4BAD637284dd8af6eF1","0x6b7e2ea3E31F8db0377BBa180B7e972142A9f8b7","0x4064AD4f7513EDa1C4ebd4BAD637284dd8af6eF1","0x6b7e2ea3e31f8db0377bba180b7e972142a9f8b7","0xbc594cabd205bd993e7ffa6f3e9cea75c1110da5","365000000","0x985458e523db3d53125813ed68c274899e9dfab4","2000000000","0x39fd28fc5f13482ccb534179b48e2b7c44e80f7a40faccb8136964b369d85ab7","1712561274","100000000000","200637","200637","3333200036","55941285"
"0x4064AD4f7513EDa1C4ebd4BAD637284dd8af6eF1","0x6b7e2ea3E31F8db0377BBa180B7e972142A9f8b7","0x4064AD4f7513EDa1C4ebd4BAD637284dd8af6eF1","0x6b7e2ea3e31f8db0377bba180b7e972142a9f8b7","0xbc594cabd205bd993e7ffa6f3e9cea75c1110da5","182500000","0x985458e523db3d53125813ed68c274899e9dfab4","1000000000","0xfdf4e9a0ceac23cec7ca0b5d2b8656e98e1468152452958d9c4fd6ce95fb666e","1712562226","100000000000","185645","185645","3333200035","55941761"
"0x4064AD4f7513EDa1C4ebd4BAD637284dd8af6eF1","0xA3C7d7cf4b9E2b7166E1dd4ed931FE61b5Eb0b1d","0x4064AD4f7513EDa1C4ebd4BAD637284dd8af6eF1","0xa3c7d7cf4b9e2b7166e1dd4ed931fe61b5eb0b1d","0xbc594cabd205bd993e7ffa6f3e9cea75c1110da5","4996850000","0x985458e523db3d53125813ed68c274899e9dfab4","27380000000","0x6549c4837d8c0558f41648278b66ee8ead472bab89a0c68e694891915e2456ce","1712566591","100000000000","193047","193047","3333200036","55943943"
"0x4064AD4f7513EDa1C4ebd4BAD637284dd8af6eF1","0x236440981a5107bEbA360bAdEf2E6f1b8f2ef90c","0x4064AD4f7513EDa1C4ebd4BAD637284dd8af6eF1","0x236440981a5107beba360badef2e6f1b8f2ef90c","0xbc594cabd205bd993e7ffa6f3e9cea75c1110da5","153275113","0x985458e523db3d53125813ed68c274899e9dfab4","839863635","0xa45d144f019c16db2ceed8717231cef8aaa6ef4d418b355caa79d05a3e92ffbe","1712570850","101010500000","170082","170082","3333200036","55946072"
"0x4064AD4f7513EDa1C4ebd4BAD637284dd8af6eF1","0x8EAE016b50C103A5438A5f50Aaa04D409Af29DC8","0x4064AD4f7513EDa1C4ebd4BAD637284dd8af6eF1","0x8eae016b50c103a5438a5f50aaa04d409af29dc8","0xbc594cabd205bd993e7ffa6f3e9cea75c1110da5","18250000","0x985458e523db3d53125813ed68c274899e9dfab4","100000000","0xb159b2a7dbcc4eb98f588f161d80471dc30912b806b795cd16e1f5999832f0a8","1712578466","100000000000","185062","200062","3333200035","55949879"
"0x4064AD4f7513EDa1C4ebd4BAD637284dd8af6eF1","0x8EAE016b50C103A5438A5f50Aaa04D409Af29DC8","0x4064AD4f7513EDa1C4ebd4BAD637284dd8af6eF1","0x8eae016b50c103a5438a5f50aaa04d409af29dc8","0xbc594cabd205bd993e7ffa6f3e9cea75c1110da5","54750000","0x985458e523db3d53125813ed68c274899e9dfab4","300000000","0x31377ec7bc510839b0238c8a42c7e8fea413c438c9db14c1171aa04b75fadf0e","1712578720","100000000000","170050","185050","3333200036","55950006"
"0x4064AD4f7513EDa1C4ebd4BAD637284dd8af6eF1","0x236440981a5107bEbA360bAdEf2E6f1b8f2ef90c","0x4064AD4f7513EDa1C4ebd4BAD637284dd8af6eF1","0x236440981a5107beba360badef2e6f1b8f2ef90c","0xbc594cabd205bd993e7ffa6f3e9cea75c1110da5","149530468","0x6983d1e6def3690c4d616b13597a09e6193ea013","744859122889165628","0x66798d86a3f749bbdd3b8f65c894a90ffb563969d9401b97af5acc81283183c2","1712584971","101010500000","175320","175320","3333200035","55953131"
"0x4064AD4f7513EDa1C4ebd4BAD637284dd8af6eF1","0x236440981a5107bEbA360bAdEf2E6f1b8f2ef90c","0x4064AD4f7513EDa1C4ebd4BAD637284dd8af6eF1","0x236440981a5107beba360badef2e6f1b8f2ef90c","0xbc594cabd205bd993e7ffa6f3e9cea75c1110da5","150381496","0x3095c7557bcb296ccc6e363de01b760ba031f2d9","4120041","0xd75e148dda0ff28f7de80d563815c8611eac302aa18ebc92e0a1e0dbeb45f472","1712585336","101010500000","168932","168932","3333200036","55953313"
"0x4064AD4f7513EDa1C4ebd4BAD637284dd8af6eF1","0x6b7e2ea3E31F8db0377BBa180B7e972142A9f8b7","0x4064AD4f7513EDa1C4ebd4BAD637284dd8af6eF1","0x6b7e2ea3e31f8db0377bba180b7e972142a9f8b7","0xbc594cabd205bd993e7ffa6f3e9cea75c1110da5","182500000","0x985458e523db3d53125813ed68c274899e9dfab4","1000000000","0xccf44f13726c171f45dfa2d1866a8b1996cd5ad242ac9116c3d7d4dd40973f05","1712585890","100000000000","185613","185613","3333200036","55953590"
"0x4064AD4f7513EDa1C4ebd4BAD637284dd8af6eF1","0x236440981a5107bEbA360bAdEf2E6f1b8f2ef90c","0x4064AD4f7513EDa1C4ebd4BAD637284dd8af6eF1","0x236440981a5107beba360badef2e6f1b8f2ef90c","0xbc594cabd205bd993e7ffa6f3e9cea75c1110da5","150381496","0x3095c7557bcb296ccc6e363de01b760ba031f2d9","4120041","0x11111a04ad099473315d03bfbe62f115484670bc87f69b9d4428a76f7c2e1d76","1712586344","101010500000","168912","168912","3333200036","55953817"
"0x4064AD4f7513EDa1C4ebd4BAD637284dd8af6eF1","0x6b7e2ea3E31F8db0377BBa180B7e972142A9f8b7","0x4064AD4f7513EDa1C4ebd4BAD637284dd8af6eF1","0x6b7e2ea3e31f8db0377bba180b7e972142a9f8b7","0xbc594cabd205bd993e7ffa6f3e9cea75c1110da5","182500000","0x985458e523db3d53125813ed68c274899e9dfab4","1000000000","0x987d023a328e9ba3c77681ea340017a10b0a9d20472159107d5afebea4ec3a08","1712586784","100000000000","185657","185657","3333200036","55954037"
"0x4064AD4f7513EDa1C4ebd4BAD637284dd8af6eF1","0x6b7e2ea3E31F8db0377BBa180B7e972142A9f8b7","0x4064AD4f7513EDa1C4ebd4BAD637284dd8af6eF1","0x6b7e2ea3e31f8db0377bba180b7e972142a9f8b7","0xbc594cabd205bd993e7ffa6f3e9cea75c1110da5","18250000","0x985458e523db3d53125813ed68c274899e9dfab4","100000000","0xea245b549bc8b7ea75ad9dcb10fb77ffbce930dfefcb1dd868a2711151d00e58","1712612884","100000000000","185082","185082","3333200035","55967084"
"0x4064AD4f7513EDa1C4ebd4BAD637284dd8af6eF1","0x6b7e2ea3E31F8db0377BBa180B7e972142A9f8b7","0x4064AD4f7513EDa1C4ebd4BAD637284dd8af6eF1","0x6b7e2ea3e31f8db0377bba180b7e972142a9f8b7","0xbc594cabd205bd993e7ffa6f3e9cea75c1110da5","18250000","0x985458e523db3d53125813ed68c274899e9dfab4","100000000","0xeff90a849108f07c7a706264000d942bf3f60cc69476c27447cdbff94359f401","1712639449","100000000000","180862","180862","3333200035","55980362"
"0x4064AD4f7513EDa1C4ebd4BAD637284dd8af6eF1","0x6b7e2ea3E31F8db0377BBa180B7e972142A9f8b7","0x4064AD4f7513EDa1C4ebd4BAD637284dd8af6eF1","0x6b7e2ea3e31f8db0377bba180b7e972142a9f8b7","0xbc594cabd205bd993e7ffa6f3e9cea75c1110da5","18250000","0x985458e523db3d53125813ed68c274899e9dfab4","100000000","0x81e1f749af2524e195e501cba8afb849bfc3c9589894bdaad5ae1f9aacf33e58","1712640145","100000000000","180862","180862","3333200035","55980710"
"0x4064AD4f7513EDa1C4ebd4BAD637284dd8af6eF1","0x6b7e2ea3E31F8db0377BBa180B7e972142A9f8b7","0x4064AD4f7513EDa1C4ebd4BAD637284dd8af6eF1","0x6b7e2ea3e31f8db0377bba180b7e972142a9f8b7","0xbc594cabd205bd993e7ffa6f3e9cea75c1110da5","18250000","0x985458e523db3d53125813ed68c274899e9dfab4","100000000","0x4e948ecfb92bfad34726c83bd1ec82673c8b61a2af9e4e000b99d0fac3b93e7a","1712641119","100000000000","180862","180862","3333200036","55981197"
"0x4064AD4f7513EDa1C4ebd4BAD637284dd8af6eF1","0xAc10e96bE2B2F8DDB168716dE8379DB01e8887c7","0x4064AD4f7513EDa1C4ebd4BAD637284dd8af6eF1","0xac10e96be2b2f8ddb168716de8379db01e8887c7","0xbc594cabd205bd993e7ffa6f3e9cea75c1110da5","51282500","0x985458e523db3d53125813ed68c274899e9dfab4","281000000","0x0a7a685b1a6a3aa068633eccbe3ff6bdd07a737981e15e96963ee16d95aded62","1712666668","100000000000","170094","170094","3333200036","55993968"
"0x4064AD4f7513EDa1C4ebd4BAD637284dd8af6eF1","0x6b7e2ea3E31F8db0377BBa180B7e972142A9f8b7","0x4064AD4f7513EDa1C4ebd4BAD637284dd8af6eF1","0x6b7e2ea3e31f8db0377bba180b7e972142a9f8b7","0xbc594cabd205bd993e7ffa6f3e9cea75c1110da5","182500000","0x985458e523db3d53125813ed68c274899e9dfab4","1000000000","0x01eaf196e0c8c8f2a996d4e868baa30684c41f06d16cc5da57fe7f73ce944547","1712670693","100000000000","185637","185637","3333200035","55995980"
"0x4064AD4f7513EDa1C4ebd4BAD637284dd8af6eF1","0x6b7e2ea3E31F8db0377BBa180B7e972142A9f8b7","0x4064AD4f7513EDa1C4ebd4BAD637284dd8af6eF1","0x6b7e2ea3e31f8db0377bba180b7e972142a9f8b7","0xbc594cabd205bd993e7ffa6f3e9cea75c1110da5","18250000","0x985458e523db3d53125813ed68c274899e9dfab4","100000000","0xb00f0f39aa41cd6917428e4fd8a7eaad3e8eef0f7c4f624ef0f08e5d241a6b0e","1712671317","100000000000","185070","185070","3333200035","55996292"
"0x4064AD4f7513EDa1C4ebd4BAD637284dd8af6eF1","0x6b7e2ea3E31F8db0377BBa180B7e972142A9f8b7","0x4064AD4f7513EDa1C4ebd4BAD637284dd8af6eF1","0x6b7e2ea3e31f8db0377bba180b7e972142a9f8b7","0xbc594cabd205bd993e7ffa6f3e9cea75c1110da5","36500000","0x985458e523db3d53125813ed68c274899e9dfab4","200000000","0xdb7c8cb637a7e33779334a615e0f83a1b1c8f0796468b5d0ce6ded1129f055d2","1712671387","100000000000","185062","185062","3333200036","55996327"
"0x4064AD4f7513EDa1C4ebd4BAD637284dd8af6eF1","0x0Ed4A9c7aCbaBe25B39D2566669eF2dEFcb253f5","0x4064AD4f7513EDa1C4ebd4BAD637284dd8af6eF1","0x0ed4a9c7acbabe25b39d2566669ef2defcb253f5","0xbc594cabd205bd993e7ffa6f3e9cea75c1110da5","295504007","0x985458e523db3d53125813ed68c274899e9dfab4","1619200040","0x906dd78b7d2869d4aa149ef25dc482e418ad01fd90c6832cc103ac27075787d5","1712673897","100000000000","200649","200649","3333200036","55997582"
"0x4064AD4f7513EDa1C4ebd4BAD637284dd8af6eF1","0x236440981a5107bEbA360bAdEf2E6f1b8f2ef90c","0x4064AD4f7513EDa1C4ebd4BAD637284dd8af6eF1","0x236440981a5107beba360badef2e6f1b8f2ef90c","0xbc594cabd205bd993e7ffa6f3e9cea75c1110da5","158977185","0x6983d1e6def3690c4d616b13597a09e6193ea013","791916244483188044","0x8701c3a7357f24efef84325ead598d15acd7f6bc976b72927b0e6821738a9f14","1712679325","101010500000","175300","175300","3333200035","56000295"
"0x4064AD4f7513EDa1C4ebd4BAD637284dd8af6eF1","0x236440981a5107bEbA360bAdEf2E6f1b8f2ef90c","0x4064AD4f7513EDa1C4ebd4BAD637284dd8af6eF1","0x236440981a5107beba360badef2e6f1b8f2ef90c","0xbc594cabd205bd993e7ffa6f3e9cea75c1110da5","159204134","0xe176ebe47d621b984a73036b9da5d834411ef734","872351420493150684931","0x1f37bb5653d30a52881a784f9ad03489cbafe384a047ac68794c1d83d64fe591","1712679813","101010500000","180687","180687","3333200035","56000538"
"0x4064AD4f7513EDa1C4ebd4BAD637284dd8af6eF1","0x236440981a5107bEbA360bAdEf2E6f1b8f2ef90c","0x4064AD4f7513EDa1C4ebd4BAD637284dd8af6eF1","0x236440981a5107beba360badef2e6f1b8f2ef90c","0xbc594cabd205bd993e7ffa6f3e9cea75c1110da5","160197032","0xe176ebe47d621b984a73036b9da5d834411ef734","877791958575342465753","0x1996f2847a8def88ec1e59acb04cda08c3a122ebce1842c2deeeb2ae3e8e5d89","1712680832","101010500000","180667","180667","3333200035","56001047"
"0x4064AD4f7513EDa1C4ebd4BAD637284dd8af6eF1","0x6b7e2ea3E31F8db0377BBa180B7e972142A9f8b7","0x4064AD4f7513EDa1C4ebd4BAD637284dd8af6eF1","0x6b7e2ea3e31f8db0377bba180b7e972142a9f8b7","0xbc594cabd205bd993e7ffa6f3e9cea75c1110da5","182500000","0x985458e523db3d53125813ed68c274899e9dfab4","1000000000","0x1aa756447eb934e6716399c7f9ec06c98732467c45b2d720f0b58044b208af3b","1712681682","100000000000","185637","185637","3333200036","56001472"
"0x4064AD4f7513EDa1C4ebd4BAD637284dd8af6eF1","0x6b7e2ea3E31F8db0377BBa180B7e972142A9f8b7","0x4064AD4f7513EDa1C4ebd4BAD637284dd8af6eF1","0x6b7e2ea3e31f8db0377bba180b7e972142a9f8b7","0xbc594cabd205bd993e7ffa6f3e9cea75c1110da5","91250000","0x985458e523db3d53125813ed68c274899e9dfab4","500000000","0x8791003694eea935a233a42f8d17e721378f4ea945ec7388fe64daf43e74b7b4","1712688338","100000000000","185082","185082","3333200035","56004799"
"0x4064AD4f7513EDa1C4ebd4BAD637284dd8af6eF1","0x6b7e2ea3E31F8db0377BBa180B7e972142A9f8b7","0x4064AD4f7513EDa1C4ebd4BAD637284dd8af6eF1","0x6b7e2ea3e31f8db0377bba180b7e972142a9f8b7","0xbc594cabd205bd993e7ffa6f3e9cea75c1110da5","73000000","0x985458e523db3d53125813ed68c274899e9dfab4","400000000","0xdc97ec712b3be50868fdec08a4451bd79b467c4f417464d34abf0a45c5441f55","1712688722","100000000000","185082","185082","3333200036","56004991"
"0x4064AD4f7513EDa1C4ebd4BAD637284dd8af6eF1","0x6b7e2ea3E31F8db0377BBa180B7e972142A9f8b7","0x4064AD4f7513EDa1C4ebd4BAD637284dd8af6eF1","0x6b7e2ea3e31f8db0377bba180b7e972142a9f8b7","0xbc594cabd205bd993e7ffa6f3e9cea75c1110da5","18250000","0x985458e523db3d53125813ed68c274899e9dfab4","100000000","0xb861d74d931c9f0d46128d917f9b929f40ae845f14e80258105d690396b51149","1712693245","100000000000","185082","185082","3333200035","56007252"
"0x4064AD4f7513EDa1C4ebd4BAD637284dd8af6eF1","0x6b7e2ea3E31F8db0377BBa180B7e972142A9f8b7","0x4064AD4f7513EDa1C4ebd4BAD637284dd8af6eF1","0x6b7e2ea3e31f8db0377bba180b7e972142a9f8b7","0xbc594cabd205bd993e7ffa6f3e9cea75c1110da5","182500000","0x985458e523db3d53125813ed68c274899e9dfab4","1000000000","0xbf8682639ca4dedaad7c5bde4f0be6dc45f065c9f6ee48781e884811fc6b5b14","1712693323","100000000000","185657","185657","3333200036","56007291"
"0x4064AD4f7513EDa1C4ebd4BAD637284dd8af6eF1","0x6b7e2ea3E31F8db0377BBa180B7e972142A9f8b7","0x4064AD4f7513EDa1C4ebd4BAD637284dd8af6eF1","0x6b7e2ea3e31f8db0377bba180b7e972142a9f8b7","0xbc594cabd205bd993e7ffa6f3e9cea75c1110da5","365000000","0x985458e523db3d53125813ed68c274899e9dfab4","2000000000","0x35b4b299a4cf9fdd1bc60b37128a482bb7052d3321358917f08e6e99224ade40","1712694291","100000000000","185625","185625","3333200035","56007775"
"0x4064AD4f7513EDa1C4ebd4BAD637284dd8af6eF1","0x236440981a5107bEbA360bAdEf2E6f1b8f2ef90c","0x4064AD4f7513EDa1C4ebd4BAD637284dd8af6eF1","0x236440981a5107beba360badef2e6f1b8f2ef90c","0xbc594cabd205bd993e7ffa6f3e9cea75c1110da5","161104824","0xe176ebe47d621b984a73036b9da5d834411ef734","882766164821917808219","0x077986ed71e81dec4bb8a4ba0f49c96652c45ce4d381c66fa97fd95543bdd606","1712695457","101010500000","180667","180667","3333200036","56008358"
"0x4064AD4f7513EDa1C4ebd4BAD637284dd8af6eF1","0x6e93A533E1eB1C84A9214CCa1bccd662C2Fa7043","0x4064AD4f7513EDa1C4ebd4BAD637284dd8af6eF1","0x6e93a533e1eb1c84a9214cca1bccd662c2fa7043","0xbc594cabd205bd993e7ffa6f3e9cea75c1110da5","89425000","0x3c2b8be99c50593081eaa2a724f0b8285f5aba8f","490000000","0x61acaf4c6aa45eece562ac2c3c588bb87b12ecc7fbc51ca79a508ed726661f84","1712701931","100000000000","185062","200062","3333200036","56011594"
"0x4064AD4f7513EDa1C4ebd4BAD637284dd8af6eF1","0x236440981a5107bEbA360bAdEf2E6f1b8f2ef90c","0x4064AD4f7513EDa1C4ebd4BAD637284dd8af6eF1","0x236440981a5107beba360badef2e6f1b8f2ef90c","0xbc594cabd205bd993e7ffa6f3e9cea75c1110da5","163856571","0xe176ebe47d621b984a73036b9da5d834411ef734","897844227506849315068","0xf5e4b3cd66502e6fe900394c6e42d626ec5d3bc72ef8ddc35158893e52e84f29","1712712536","101010500000","180675","180675","3333200035","56016895"
"0x4064AD4f7513EDa1C4ebd4BAD637284dd8af6eF1","0x236440981a5107bEbA360bAdEf2E6f1b8f2ef90c","0x4064AD4f7513EDa1C4ebd4BAD637284dd8af6eF1","0x236440981a5107beba360badef2e6f1b8f2ef90c","0xbc594cabd205bd993e7ffa6f3e9cea75c1110da5","163374306","0xe176ebe47d621b984a73036b9da5d834411ef734","895201680438356164383","0xa08210a48518cc2f9812f29ddfe39a81a53b35ddb1ed785b110acf8eb90bb3a5","1712714055","101010500000","180687","180687","3333200035","56017654"
"0x4064AD4f7513EDa1C4ebd4BAD637284dd8af6eF1","0x236440981a5107bEbA360bAdEf2E6f1b8f2ef90c","0x4064AD4f7513EDa1C4ebd4BAD637284dd8af6eF1","0x236440981a5107beba360badef2e6f1b8f2ef90c","0xbc594cabd205bd993e7ffa6f3e9cea75c1110da5","161643826","0xe176ebe47d621b984a73036b9da5d834411ef734","885719599780821917808","0xd2066834af55e30e1593f13f21f30ed0ea73938cfe05b7c92b186dcac3f74a4c","1712714813","101010500000","180687","180687","3333200035","56018033"
"0x4064AD4f7513EDa1C4ebd4BAD637284dd8af6eF1","0x6b7e2ea3E31F8db0377BBa180B7e972142A9f8b7","0x4064AD4f7513EDa1C4ebd4BAD637284dd8af6eF1","0x6b7e2ea3e31f8db0377bba180b7e972142a9f8b7","0xbc594cabd205bd993e7ffa6f3e9cea75c1110da5","18250000","0x985458e523db3d53125813ed68c274899e9dfab4","100000000","0xc874da821470408968fdbbb134ac5a004f3badda8c1b10812c0d359a6a420e14","1712739557","100000000000","185082","185082","3333200036","56030388"
"0x4064AD4f7513EDa1C4ebd4BAD637284dd8af6eF1","0x686566A155550B3941d13E66F4084897216D70f6","0x4064AD4f7513EDa1C4ebd4BAD637284dd8af6eF1","0x686566a155550b3941d13e66f4084897216d70f6","0xbc594cabd205bd993e7ffa6f3e9cea75c1110da5","36500000","0x985458e523db3d53125813ed68c274899e9dfab4","200000000","0xeb5b6678494d76704617ae9ddb5825bea9aaeed4494bea5d3e1b656a2273cd9d","1712740377","100000000000","200082","200082","3333200035","56030798"
"0x4064AD4f7513EDa1C4ebd4BAD637284dd8af6eF1","0x6b7e2ea3E31F8db0377BBa180B7e972142A9f8b7","0x4064AD4f7513EDa1C4ebd4BAD637284dd8af6eF1","0x6b7e2ea3e31f8db0377bba180b7e972142a9f8b7","0xbc594cabd205bd993e7ffa6f3e9cea75c1110da5","18250000","0x985458e523db3d53125813ed68c274899e9dfab4","100000000","0x65ee2b4b833e65abd50d3daa4ab90d52f513d6ac17756209711770fcb35d6a76","1712740879","100000000000","185062","185062","3333200036","56031049"
"0x4064AD4f7513EDa1C4ebd4BAD637284dd8af6eF1","0x686566A155550B3941d13E66F4084897216D70f6","0x4064AD4f7513EDa1C4ebd4BAD637284dd8af6eF1","0x686566a155550b3941d13e66f4084897216d70f6","0xbc594cabd205bd993e7ffa6f3e9cea75c1110da5","730000000","0x985458e523db3d53125813ed68c274899e9dfab4","4000000000","0x5e8a5f8d4dc7c7e5143ce514e423ad8f62089ed0d22fb78f0d10639512f04b8c","1712743456","100000000000","185633","185633","3333200036","56032337"
"0x4064AD4f7513EDa1C4ebd4BAD637284dd8af6eF1","0x8980c98f134094EbcA8c9573aFe91fa4a7cf2A71","0x4064AD4f7513EDa1C4ebd4BAD637284dd8af6eF1","0x8980c98f134094ebca8c9573afe91fa4a7cf2a71","0xbc594cabd205bd993e7ffa6f3e9cea75c1110da5","182500000","0x3c2b8be99c50593081eaa2a724f0b8285f5aba8f","1000000000","0x102310daefb17e59970039fe67ea110af375318979e46cee6461933057dc5775","1712748590","100000000000","200637","200637","3333200036","56034902"
"0x4064AD4f7513EDa1C4ebd4BAD637284dd8af6eF1","0x8980c98f134094EbcA8c9573aFe91fa4a7cf2A71","0x4064AD4f7513EDa1C4ebd4BAD637284dd8af6eF1","0x8980c98f134094ebca8c9573afe91fa4a7cf2a71","0xbc594cabd205bd993e7ffa6f3e9cea75c1110da5","319740000","0x985458e523db3d53125813ed68c274899e9dfab4","1752000000","0x745603d9b37f753fce0023fd556fb06b4cad67e83118129412e9812ccc4b02b6","1712749298","100000000000","185625","185625","3333200036","56035256"
"0x4064AD4f7513EDa1C4ebd4BAD637284dd8af6eF1","0x8980c98f134094EbcA8c9573aFe91fa4a7cf2A71","0x4064AD4f7513EDa1C4ebd4BAD637284dd8af6eF1","0x8980c98f134094ebca8c9573afe91fa4a7cf2a71","0xbc594cabd205bd993e7ffa6f3e9cea75c1110da5","4039647201","0x3c2b8be99c50593081eaa2a724f0b8285f5aba8f","27324780000","0x5d71dfe2ab0462870d383b986240f09010092a0c8db5176a26543040dbc177f7","1712749342","100000000000","162269","162269","3333200035","56035278"
"0x4064AD4f7513EDa1C4ebd4BAD637284dd8af6eF1","0x8980c98f134094EbcA8c9573aFe91fa4a7cf2A71","0x4064AD4f7513EDa1C4ebd4BAD637284dd8af6eF1","0x8980c98f134094ebca8c9573afe91fa4a7cf2a71","0xbc594cabd205bd993e7ffa6f3e9cea75c1110da5","4943467","0xef977d2f931c1978db5f6747666fa1eacb0d0339","362380000000000000000","0x3ab1e6e8f8189b40ed28980abdef5bfc813d7428f6827a4a7ff3978f19bf5727","1712749418","100000000000","174846","174846","3333200035","56035316"
"0x4064AD4f7513EDa1C4ebd4BAD637284dd8af6eF1","0x6b7e2ea3E31F8db0377BBa180B7e972142A9f8b7","0x4064AD4f7513EDa1C4ebd4BAD637284dd8af6eF1","0x6b7e2ea3e31f8db0377bba180b7e972142a9f8b7","0xbc594cabd205bd993e7ffa6f3e9cea75c1110da5","18250000","0x985458e523db3d53125813ed68c274899e9dfab4","100000000","0xdcd5f7cceebca3d0dc039829abc788d66572f4f2ccce9cb11933b57e80adce71","1712753011","100000000000","185082","185082","3333200035","56037112"
"0x4064AD4f7513EDa1C4ebd4BAD637284dd8af6eF1","0x6e93A533E1eB1C84A9214CCa1bccd662C2Fa7043","0x4064AD4f7513EDa1C4ebd4BAD637284dd8af6eF1","0x6e93a533e1eb1c84a9214cca1bccd662c2fa7043","0xbc594cabd205bd993e7ffa6f3e9cea75c1110da5","1967440328","0x985458e523db3d53125813ed68c274899e9dfab4","10780494950","0xe7432ca1ec76476640c1dc4f03cbf24a8a35b1c1786705b0dc8851fc9c451bdd","1712763293","100000000000","178079","178079","3333200036","56042252"
"0x4064AD4f7513EDa1C4ebd4BAD637284dd8af6eF1","0x6DBDEe96A2332Ec16cFAB01E5E9FeEB274f69057","0x4064AD4f7513EDa1C4ebd4BAD637284dd8af6eF1","0x6dbdee96a2332ec16cfab01e5e9feeb274f69057","0xbc594cabd205bd993e7ffa6f3e9cea75c1110da5","166381344","0x3095c7557bcb296ccc6e363de01b760ba031f2d9","4558393","0x4eaf43bf6c95e6f832a5b7f732b4f4cb58dec82304625066e23b8dcbdd402ea2","1712779817","101010500000","183908","183908","3333200036","56050512"